DIMENSIÓN;ESTRATÉGICA;ESTRATÉGICA;ESTRATÉGICA;ESTRATÉGICA;ESTRATÉGICA;ESTRATÉGICA;ESTRATÉGICA;ESTRATÉGICA;ESTRATÉGICA;ESTRATÉGICA;ESTRATÉGICA;ESTRATÉGICA;INTERPERSONALES;INTERPERSONALES;INTERPERSONALES;INTERPERSONALES;INTERPERSONALES;INTERPERSONALES;INTERPERSONALES;INTERPERSONALES;INTERPERSONALES;INTERPERSONALES;INTERPERSONALES;INTERPERSONALES;AUTOGESTIÓN;AUTOGESTIÓN;AUTOGESTIÓN;AUTOGESTIÓN;AUTOGESTIÓN;AUTOGESTIÓN;AUTOGESTIÓN;AUTOGESTIÓN;AUTOGESTIÓN;AUTOGESTIÓN;AUTOGESTIÓN;AUTOGESTIÓN;AUTODESARROLLO;AUTODESARROLLO;AUTODESARROLLO;AUTODESARROLLO;AUTODESARROLLO;AUTODESARROLLO;AUTODESARROLLO;AUTODESARROLLO;AUTODESARROLLO;AUTODESARROLLO;AUTODESARROLLO;AUTODESARROLLO;AUTOGOBIERNO;AUTOGOBIERNO;AUTOGOBIERNO;AUTOGOBIERNO;AUTOGOBIERNO;AUTOGOBIERNO;AUTOGOBIERNO;AUTOGOBIERNO;AUTOGOBIERNO;AUTOGOBIERNO;AUTOGOBIERNO;AUTOGOBIERNO;;;;;;;;;;;;;;;;;
COMPETENCIA;Visión de Negocio;Visión de Negocio;Visión de Negocio;Visión de la Organización;Visión de la Organización;Visión de la Organización;Orientación al Cliente;Orientación al Cliente;Orientación al Cliente;Networking;Networking;Networking;Comunicación;Comunicación;Comunicación;Delegación;Delegación;Delegación;Coaching;Coaching;Coaching;Trabajo en Equipo;Trabajo en Equipo;Trabajo en Equipo;Iniciativa;Iniciativa;Iniciativa;Optimismo;Optimismo;Optimismo;Gestión del Tiempo;Gestión del Tiempo;Gestión del Tiempo;Gestión del Estrés;Gestión del Estrés;Gestión del Estrés;Ambición;Ambición;Ambición;Aprendizaje;Aprendizaje;Aprendizaje;Autoconocimiento;Autoconocimiento;Autoconocimiento;Autocrítica;Autocrítica;Autocrítica;Toma de Decisiones;Toma de Decisiones;Toma de Decisiones;Integridad;Integridad;Integridad;Autocontrol;Autocontrol;Autocontrol;Equilibrio Emocional;Equilibrio Emocional;Equilibrio Emocional;;;;;;;;;;;;;;;;;
;visneg1e;visneg2;visneg3e;visorg1e;visorg2e;visorg3e;ortcli1e;ortcli2e;ortcli3e;networ1e;networ2e;networ3e;com1;com2;com3;dele1;dele2;dele3;coach1;coach2;coach3;equipo1;equipo2;equipo3;inicia1;inicia2;inicia3;optim1;optim2;optim3;gesttiem1;gesttiem2;gesttiem3;gestestr1;gestestr2;gestest3;ambi1;ambi2;ambi3;apren1;apren2;apren3;autocono1;autocono2;autocono3;autocri1;autocri2;autocri3;deci1;deci2;deci3;integ1;integ2;integ3;autocon1;autocon2;autocon3;equiem1;equiem2;equiem3;MOTEXT-11;MOTEXT-15;MOTEXT-17;MOTEXT-20;MOTINT-10;MOTINT-11;MOTINT-12;MOTINT-19;MOLTALT-12;MOTALT-14;MOTALT-17;MOTALT-19;sexo;EDAD;Resp_nivel;Sector;Empleados
;5;4;4;3;5;5;5;4;4;3;2;3;5;4;5;4;4;5;4;4;4;4;5;4;4;4;3;4;4;5;2;2;3;2;4;4;3;4;4;4;4;4;5;4;5;2;3;4;4;3;3;4;4;4;4;5;4;3;5;4;3;2;2;3;4;4;4;5;4;4;4;4;1;1979;0;1;51 a 100
;4;5;4;5;5;4;1;2;4;2;2;4;5;4;5;4;5;4;3;3;4;5;4;5;4;4;5;4;5;5;5;5;5;4;5;5;4;4;5;3;4;5;4;3;4;4;4;5;4;4;4;5;5;5;5;5;5;4;4;4;4;4;4;2;5;5;5;5;4;4;3;4;1;1971;1;2;501 a 2.500
;4;5;3;4;5;5;4;4;4;5;4;4;4;5;5;4;5;5;5;5;4;5;5;4;5;5;5;5;4;4;4;5;5;5;5;5;5;5;5;4;4;5;5;4;5;5;5;5;5;5;5;5;5;5;4;5;4;4;5;5;2;3;3;3;4;5;5;5;5;5;5;5;1;1975;0;3;Menos de 50
;3;4;3;4;4;5;4;5;4;2;2;3;5;5;5;4;5;4;4;4;4;5;5;5;2;3;3;4;5;4;3;3;2;3;4;4;5;4;4;5;4;4;2;2;3;2;2;4;4;4;4;3;5;5;4;5;4;4;4;5;1;2;2;1;3;4;4;4;4;3;4;5;1;1970;1;2;501 a 2.500
;5;5;4;3;5;5;5;4;4;4;4;4;5;3;4;4;4;4;5;4;4;5;5;5;4;4;4;5;5;5;4;4;4;4;5;5;5;5;5;4;4;4;5;4;4;3;3;4;4;3;3;5;5;5;4;5;4;4;5;3;4;4;4;4;5;5;5;5;5;4;4;4;1;1972;1;4;Más de 20.000
;5;5;4;4;5;4;4;4;5;4;4;4;4;4;5;4;4;4;4;4;4;4;4;5;4;4;4;4;4;4;4;3;4;4;5;4;4;5;5;4;4;4;4;4;4;3;3;4;5;5;5;4;4;4;4;4;3;5;5;4;2;1;1;1;4;4;3;4;4;4;4;4;1;1965;1;5;51 a 100
;2;4;3;4;5;5;5;4;4;2;2;3;3;5;5;5;5;5;5;4;5;5;4;5;4;5;4;4;3;2;3;4;4;4;5;5;5;5;4;4;4;5;3;2;2;4;4;4;2;2;3;5;4;4;2;4;3;5;5;5;1;1;1;2;5;5;5;3;5;4;3;4;0;1972;1;6;101 a 250
;4;4;4;5;5;5;4;4;4;3;2;2;4;4;4;4;4;4;4;4;4;4;4;4;4;4;4;5;5;5;4;3;3;4;4;4;4;5;5;4;4;5;4;4;4;4;4;4;4;4;4;4;4;4;4;4;3;5;5;4;1;1;1;1;4;5;5;4;5;5;4;4;0;1976;1;4;Menos de 50
;4;4;4;4;4;5;5;5;4;2;3;4;5;5;4;4;5;4;4;5;5;5;5;4;5;5;5;4;4;4;4;5;5;4;4;3;5;4;3;4;4;4;3;3;4;4;4;5;4;3;3;4;4;3;4;4;4;5;4;3;4;4;4;4;5;5;5;5;3;4;3;3;1;1976;0;7;101 a 250
;4;5;3;4;5;5;5;4;4;4;3;4;4;3;5;5;2;5;4;4;5;4;5;5;5;4;3;4;3;3;5;3;4;5;5;4;4;4;3;4;5;4;4;4;3;4;4;5;4;5;5;5;4;4;4;5;4;5;5;5;4;4;4;4;5;5;4;5;4;4;4;4;1;1970;1;8;
;4;4;4;4;4;5;4;4;4;4;4;4;4;3;5;5;5;5;4;4;4;5;5;5;3;4;4;5;5;5;1;3;4;3;5;5;4;4;5;5;5;5;4;4;4;5;5;5;5;5;5;4;5;4;4;5;5;5;5;5;2;5;4;3;4;5;4;5;4;2;3;3;1;1967;0;4;101 a 250
;4;4;4;4;5;4;4;4;4;2;2;3;4;4;4;4;3;4;5;5;4;4;4;4;4;4;4;4;4;4;4;3;4;4;5;4;4;5;5;3;4;4;4;4;4;4;4;5;4;4;4;4;5;4;4;4;4;4;4;4;1;1;1;1;5;4;5;5;4;3;3;3;0;1969;0;3;Menos de 50
;5;5;4;5;5;4;3;4;5;4;2;2;2;3;3;4;5;5;5;4;4;4;5;4;4;5;5;5;5;3;5;1;2;4;3;4;5;4;5;5;5;5;5;3;5;5;5;4;5;5;5;3;4;1;3;4;4;5;5;5;2;2;3;5;5;5;5;5;5;4;5;4;1;1977;1;4;Menos de 50
;4;5;2;5;5;5;5;5;4;2;1;2;5;5;5;4;4;4;5;4;5;5;5;5;5;4;4;5;5;5;4;4;4;4;5;5;4;4;5;4;5;5;3;4;4;4;4;5;5;4;4;4;4;4;5;5;5;5;5;5;1;1;1;1;4;5;5;5;5;5;4;4;1;1969;0;7;251 a 500
;5;5;4;5;5;5;4;4;4;4;4;5;5;5;5;5;4;5;5;5;5;5;5;5;4;5;5;5;4;4;4;4;5;4;5;5;5;5;5;5;5;5;5;5;5;5;4;4;5;4;5;5;5;4;3;5;4;4;5;4;2;2;1;3;4;4;4;4;4;4;4;4;0;1972;1;4;Más de 20.000
;4;5;4;5;4;5;5;4;4;2;2;3;4;4;5;4;4;4;4;5;4;5;5;5;3;3;4;2;4;3;3;5;5;4;5;4;3;4;4;4;5;4;2;3;4;3;3;4;4;5;4;3;4;4;3;4;4;5;4;4;3;2;3;3;3;4;4;3;4;4;2;3;0;1975;0;9;2.501 a 5.000
;3;4;3;5;5;5;4;4;3;3;2;3;4;5;4;3;4;5;5;5;5;5;2;4;5;5;5;2;3;2;1;2;4;3;5;4;4;5;4;4;4;4;4;4;4;4;4;4;4;4;2;3;4;3;2;2;1;4;5;5;4;4;4;5;5;4;4;4;5;5;5;4;1;1975;1;2;501 a 2.500
;4;5;5;5;5;5;5;4;5;4;4;4;5;5;4;5;4;4;5;5;5;5;5;5;5;5;4;5;4;4;5;4;4;4;5;4;4;5;5;4;4;5;4;5;4;3;4;5;4;4;5;4;5;5;4;5;5;5;5;5;3;4;3;5;5;5;5;4;5;5;5;5;0;1972;1;10;Menos de 50
;5;5;5;5;5;5;5;5;5;4;4;4;5;5;5;5;5;5;5;5;5;5;5;5;5;5;5;5;5;5;5;5;5;5;5;5;5;5;5;5;5;5;5;5;5;5;5;5;5;5;5;5;5;5;5;5;5;5;5;5;1;1;1;1;5;5;5;5;5;5;5;5;1;1968;1;11;101 a 250
;4;5;4;5;5;4;5;4;4;2;2;2;5;4;4;5;4;5;3;4;5;4;4;5;5;5;5;4;4;5;4;2;4;2;5;3;5;5;4;5;5;5;5;4;4;4;4;5;4;5;5;4;5;5;4;4;4;5;4;4;1;1;2;2;5;5;5;5;3;3;2;4;1;1971;1;2;501 a 2.500
;4;5;5;5;4;4;5;5;5;5;4;5;5;5;5;5;5;5;5;5;5;5;5;4;5;5;5;5;4;5;4;5;5;4;4;4;5;5;5;5;5;5;5;4;5;3;4;5;5;5;5;4;5;5;4;4;4;5;5;5;2;2;2;2;5;5;5;5;3;4;2;2;0;1970;1;12;101 a 250
;4;5;4;4;5;5;5;4;4;4;4;4;4;5;4;5;4;4;4;5;5;5;5;5;5;4;3;5;3;4;2;3;4;3;5;4;5;4;5;4;5;5;4;4;4;5;5;5;4;4;4;4;5;5;3;4;5;4;5;4;3;3;4;3;4;5;5;5;5;4;4;4;1;1978;1;1;501 a 2.500
;4;4;3;4;4;5;4;4;4;2;2;3;4;4;4;4;4;5;4;5;5;5;4;4;4;4;5;5;4;4;4;3;2;3;5;4;5;5;5;4;4;4;3;3;2;3;4;5;4;5;5;4;4;4;3;3;3;4;4;5;1;2;2;3;4;5;4;5;4;4;5;4;0;1978;0;8;
;4;5;4;5;5;4;5;4;4;4;4;4;5;4;5;4;4;4;3;4;3;5;5;5;5;4;4;5;5;5;4;4;4;3;5;4;5;5;5;5;4;4;5;4;5;4;4;4;4;4;4;5;5;4;4;4;4;5;5;4;1;2;1;1;4;5;5;5;4;4;5;4;1;1967;1;13;51 a 100
;3;4;4;5;5;4;4;4;4;3;3;3;4;4;4;4;4;4;4;4;4;5;5;5;4;5;4;5;4;4;3;3;3;2;4;3;4;4;4;4;4;4;4;3;4;4;4;4;3;3;4;2;2;2;4;5;4;4;4;4;3;3;2;3;5;4;4;3;4;4;4;4;0;1965;1;9;251 a 500
;4;4;4;3;4;3;5;4;4;3;4;4;4;4;4;4;3;3;3;3;4;4;3;3;4;4;3;2;2;2;3;4;4;3;5;4;4;4;4;4;4;5;4;3;4;3;2;3;4;4;4;3;4;3;4;5;3;4;4;5;2;2;2;3;4;5;4;3;4;4;3;4;0;1968;1;1;251 a 500
;4;5;3;5;5;5;5;4;4;2;2;3;4;4;4;5;5;4;3;4;3;5;4;4;3;3;4;5;5;4;4;3;3;3;4;3;4;4;4;3;3;3;3;2;3;3;2;3;4;4;4;3;3;3;3;4;3;3;4;4;2;1;3;2;4;4;4;4;3;4;2;2;1;1977;1;9;Menos de 50
;4;4;4;5;4;5;5;4;4;4;4;4;5;4;3;4;4;3;3;4;4;5;4;4;5;5;5;5;4;3;4;4;3;3;4;4;4;4;5;4;2;3;4;4;3;5;4;5;5;4;4;3;4;4;4;4;4;4;4;4;2;2;1;2;5;5;5;5;5;4;4;5;0;1961;1;8;
;3;4;4;4;5;5;4;4;4;4;4;4;4;4;3;4;4;5;4;4;4;4;4;4;4;4;4;5;5;4;4;3;4;3;3;4;4;5;4;5;4;4;2;2;2;4;4;4;3;4;4;4;5;4;4;3;3;4;4;4;3;3;3;3;3;4;5;4;4;4;4;4;0;1960;1;2;251 a 500
;3;3;4;4;4;5;4;4;4;3;3;3;4;4;4;3;3;4;4;4;3;4;4;4;5;5;5;5;4;4;2;2;2;3;4;3;5;5;5;3;4;4;4;4;3;4;4;3;4;4;4;3;3;3;3;4;3;4;4;5;2;2;2;3;5;5;5;5;4;4;4;4;0;1968;1;7;Más de 20.000
;4;4;5;5;5;3;5;4;5;4;3;5;5;5;4;3;3;5;2;5;3;5;5;5;5;5;5;5;5;5;4;4;4;3;5;4;5;5;5;5;5;5;4;4;4;3;5;5;3;5;4;4;5;4;3;5;3;5;5;5;3;3;4;2;5;5;5;5;3;4;3;3;1;1967;1;14;101 a 250
;4;4;4;4;4;4;4;5;5;4;4;4;4;5;4;5;4;4;5;5;5;4;4;4;5;5;5;5;5;5;2;2;1;4;5;5;5;5;5;4;5;5;4;5;4;5;5;5;4;4;4;5;5;4;4;4;3;4;4;4;4;4;5;4;5;5;5;5;4;4;4;4;1;1980;0;8;
;3;5;4;5;4;4;4;4;4;3;3;3;4;4;3;4;2;3;4;4;4;4;3;4;4;4;4;2;4;4;2;3;4;2;3;2;4;4;4;5;3;3;4;4;4;4;4;4;4;4;4;3;4;4;2;3;3;4;4;4;3;2;3;4;4;4;5;4;4;4;4;4;0;1973;1;4;101 a 250
;4;4;4;3;3;4;4;4;4;4;4;4;3;4;4;3;3;3;3;3;2;3;3;3;2;2;3;3;4;4;3;4;4;3;3;2;2;3;3;3;3;3;2;2;3;3;4;5;2;2;2;3;3;3;3;3;2;4;4;4;2;2;2;2;3;4;4;3;2;3;2;3;1;1973;1;11;Más de 20.000
;4;5;5;5;5;5;5;5;4;4;4;4;4;3;3;4;5;5;5;5;5;4;5;5;5;5;4;3;4;4;3;5;4;2;5;4;4;5;5;3;4;4;3;3;3;5;5;5;3;5;4;5;3;5;4;4;4;4;5;5;3;5;4;5;5;5;5;5;5;5;5;5;0;1976;1;9;Menos de 50
;4;5;3;4;4;5;5;4;4;4;3;4;4;4;5;4;3;4;3;4;4;4;4;4;4;3;4;4;5;4;3;2;2;3;4;3;4;4;3;4;3;4;3;2;4;2;3;3;4;4;4;4;4;4;5;4;3;4;4;5;1;1;1;1;3;4;3;4;4;4;3;4;1;1966;1;12;Menos de 50
;3;4;2;4;4;4;4;4;4;3;3;3;4;4;4;3;3;4;4;4;4;4;4;4;4;4;4;4;4;4;4;4;5;3;2;3;4;4;4;4;4;4;4;3;4;4;4;4;4;4;4;3;3;3;3;4;4;4;4;4;4;4;4;4;5;4;5;4;4;4;4;4;1;1975;.;4;251 a 500
;4;5;4;5;5;5;4;5;5;4;2;4;5;4;5;5;4;5;4;4;4;4;5;5;5;5;5;5;5;4;4;3;4;4;5;4;5;4;4;4;4;4;4;3;4;5;4;5;4;4;4;4;5;4;4;4;5;4;5;5;1;1;1;1;5;5;5;5;4;4;4;4;1;1976;1;12;Menos de 50
;5;5;4;4;3;4;4;5;5;4;4;5;4;4;5;5;5;5;5;4;4;4;4;4;4;4;4;4;3;3;3;4;4;2;2;3;3;3;5;3;3;2;4;3;3;3;3;3;3;4;3;2;2;2;4;4;3;3;4;4;3;3;4;3;4;4;5;4;4;4;4;4;0;1982;1;11;Menos de 50
;4;5;5;4;4;4;5;5;5;3;4;4;3;3;2;5;5;4;4;4;4;5;4;5;5;5;5;5;4;5;4;4;5;5;5;4;5;5;4;5;4;5;4;5;4;4;4;5;5;5;4;5;5;4;2;2;2;5;5;5;1;2;2;1;4;4;4;3;4;4;4;4;0;1959;1;2;51 a 100
;2;5;2;5;4;4;4;4;2;2;2;2;5;4;4;4;3;4;5;4;3;4;3;3;4;5;5;3;4;3;4;4;4;3;3;2;4;4;5;3;4;4;2;3;3;3;4;5;2;3;4;3;3;4;4;3;3;5;5;5;1;2;1;2;5;4;5;5;3;2;3;3;0;1981;1;6;51 a 100
;3;4;3;5;5;4;5;5;5;4;4;4;4;3;4;3;4;5;4;4;3;5;4;4;5;5;4;3;3;4;3;3;3;3;4;4;5;4;4;4;4;4;3;3;3;3;4;5;3;3;4;4;4;4;2;3;4;4;5;5;1;1;1;3;4;4;3;3;3;4;4;4;0;1968;1;4;Menos de 50
;4;3;4;5;5;5;5;3;5;2;3;3;4;3;2;4;4;5;3;2;4;5;3;4;5;5;5;4;4;5;3;2;4;2;3;2;4;5;5;3;3;4;4;3;4;3;4;5;5;5;5;3;4;4;5;4;5;4;4;4;1;1;1;2;5;5;4;4;2;1;1;2;1;1975;0;2;501 a 2.500
;5;5;5;5;5;5;4;4;5;2;4;4;5;5;4;5;5;5;4;4;4;5;4;5;4;4;4;3;4;2;5;2;4;5;5;5;4;5;4;4;4;4;5;4;4;4;5;4;4;4;4;5;5;4;4;4;3;5;5;5;1;2;2;2;4;4;5;5;5;5;5;4;0;1977;1;3;51 a 100
;5;4;5;5;5;5;5;5;5;2;2;2;4;5;5;5;5;5;5;5;5;5;5;5;4;5;5;5;5;5;4;4;4;3;5;5;5;5;5;4;5;5;5;5;5;4;5;5;5;5;5;4;4;4;4;4;4;4;5;5;2;3;3;3;5;5;5;5;4;4;3;3;0;1973;1;4;101 a 250
;5;5;5;4;4;5;5;5;5;4;4;4;4;5;4;5;5;5;5;4;5;4;5;5;5;5;5;5;4;5;5;4;5;4;5;5;5;5;5;4;5;5;5;4;5;5;5;4;5;5;5;4;5;4;4;5;5;4;5;5;3;2;3;2;5;5;5;5;5;3;4;4;0;1973;0;11;251 a 500
;3;4;2;3;4;5;5;4;4;3;2;4;5;4;4;4;3;4;5;4;4;4;4;4;4;5;4;4;3;3;4;3;4;4;5;4;4;4;4;5;4;4;5;4;5;3;5;4;4;5;4;4;5;4;4;4;5;5;5;4;3;4;3;3;5;5;4;5;4;4;4;5;0;1980;1;8;
;5;5;5;5;5;5;5;5;5;5;5;5;5;5;5;5;4;5;5;5;5;5;5;5;5;5;5;5;5;5;4;3;4;5;5;4;5;5;5;4;5;5;5;5;5;4;5;5;5;5;5;5;5;5;5;5;5;5;5;5;5;1;2;3;5;5;5;5;5;4;4;5;1;1969;0;2;251 a 500
;4;5;5;5;5;5;4;4;4;3;4;4;5;5;4;5;5;5;4;4;4;4;4;4;5;5;5;5;4;4;4;2;3;4;4;4;4;4;4;3;4;4;4;2;4;5;4;5;4;4;4;5;4;4;4;4;4;4;5;5;2;2;2;2;5;5;4;4;3;4;4;4;1;1971;1;10;Menos de 50
;4;5;4;5;5;5;5;4;4;4;3;4;5;5;5;5;4;5;5;5;5;5;5;5;5;4;4;4;4;5;4;2;2;4;5;5;5;5;4;5;5;5;5;5;5;2;4;4;5;5;5;4;5;5;5;5;5;4;5;5;1;2;2;2;5;5;5;5;5;5;4;5;1;1969;1;4;101 a 250
;5;5;2;5;5;5;5;5;5;4;5;3;4;3;4;4;4;5;4;5;4;5;5;5;4;5;5;5;5;5;4;3;5;4;5;5;5;5;5;3;3;3;4;3;3;3;4;4;4;4;4;5;5;5;3;4;3;5;5;5;1;1;1;1;5;5;4;5;4;4;4;4;1;1971;1;2;Menos de 50
;4;4;2;4;5;5;4;5;3;2;2;3;5;5;5;4;5;5;4;5;5;5;5;5;2;3;4;4;4;5;4;5;5;4;5;4;4;5;5;4;4;4;4;1;5;4;4;5;5;5;5;5;5;5;5;5;5;4;5;5;1;1;1;1;5;5;4;3;3;4;3;3;1;1972;1;8;
;4;4;3;5;4;5;5;5;5;4;4;4;3;3;3;4;3;4;4;4;3;4;5;5;5;5;5;4;5;5;4;4;2;4;5;4;5;5;5;3;4;5;4;4;5;5;5;5;4;5;4;5;5;5;4;5;5;5;5;5;1;1;2;1;5;5;5;5;4;3;4;4;1;1968;1;4;2.501 a 5.000
;4;5;4;5;5;4;5;5;4;2;4;2;5;5;4;4;4;5;4;4;4;5;5;4;5;5;5;4;3;4;4;2;2;3;3;5;4;4;4;4;4;4;4;2;3;3;2;4;5;4;5;3;4;4;4;5;4;4;5;5;1;1;1;2;5;4;4;3;4;4;4;4;1;1972;0;8;
;2;3;3;4;5;5;4;4;4;5;5;5;5;5;3;5;5;5;5;5;5;5;5;5;5;5;4;4;4;4;4;2;4;4;5;4;5;5;5;4;2;3;4;2;4;5;5;5;5;5;5;2;2;3;4;5;5;5;5;5;2;1;1;1;5;5;5;4;5;4;5;5;0;1973;1;1;501 a 2.500
;5;5;3;4;5;5;4;3;3;3;3;4;4;4;4;4;5;5;5;5;5;5;4;4;4;5;4;5;3;4;3;2;2;3;5;4;4;5;4;3;3;4;4;4;4;3;3;4;4;4;4;5;5;5;4;5;5;4;4;5;4;3;2;2;5;5;5;5;4;4;4;4;0;1964;1;11;Más de 20.000
;3;4;2;4;5;5;5;5;5;5;2;2;4;5;5;4;4;4;5;5;5;5;5;5;5;5;5;5;2;4;2;4;4;4;5;5;5;5;5;4;4;2;3;2;4;4;3;5;3;4;4;5;5;5;4;5;2;3;4;3;2;1;1;2;4;5;5;5;4;4;4;4;0;1983;1;8;
;4;4;3;5;4;4;4;4;4;2;2;3;3;3;3;4;5;4;4;4;4;4;4;4;4;4;3;4;3;3;3;3;3;3;5;3;5;4;4;3;4;4;3;3;4;3;4;4;3;3;3;4;4;3;3;3;3;4;5;4;2;1;1;2;5;5;5;5;4;2;4;4;0;1973;1;11;51 a 100
;3;5;4;4;5;4;5;4;4;4;5;4;5;3;4;4;5;4;4;5;4;5;5;5;4;4;5;5;5;5;4;2;2;4;5;4;5;5;5;5;3;5;3;4;2;3;4;5;4;5;5;5;5;4;5;4;5;4;4;5;5;5;5;5;5;5;5;5;4;3;4;5;1;1959;1;5;5.001 a 10.000
;3;4;4;3;4;5;5;4;4;2;2;3;3;4;4;2;4;5;3;3;4;4;2;3;4;2;5;2;2;2;2;2;2;2;5;2;3;3;5;4;2;2;5;3;5;4;3;4;4;4;4;3;3;2;4;3;4;5;4;4;1;1;1;1;4;5;5;4;5;4;4;4;1;1971;1;9;101 a 250
;5;5;4;5;5;5;5;5;4;5;4;4;4;5;4;5;4;5;5;5;5;4;4;5;4;5;4;3;2;2;2;2;2;3;5;4;5;5;5;5;5;5;5;5;5;5;5;5;4;5;5;4;5;5;4;4;3;5;5;5;1;1;1;1;4;4;4;4;5;5;5;5;0;1972;1;9;101 a 250
;4;4;4;4;5;5;4;4;4;3;3;3;4;4;5;4;4;4;5;5;5;5;4;4;5;5;5;5;4;4;3;3;2;3;4;3;4;4;4;4;4;4;4;4;4;4;3;4;4;4;4;4;4;4;3;3;3;4;5;5;4;3;3;3;5;5;4;4;4;3;4;4;0;1968;1;4;5.001 a 10.000
;4;5;4;4;5;5;5;5;5;4;4;3;5;5;5;5;5;5;4;5;4;5;5;5;5;5;5;4;5;5;4;4;4;4;5;5;5;5;5;4;4;5;3;3;5;2;2;5;4;4;4;5;5;4;5;5;5;4;4;5;2;2;3;2;2;4;4;3;3;2;2;2;1;1978;1;2;10.001 a 20.000
;4;5;4;4;5;5;4;4;5;4;4;4;5;5;5;5;4;5;5;5;5;5;5;5;5;4;5;4;4;4;4;4;5;5;5;5;4;5;5;4;4;5;5;5;5;5;4;4;4;4;5;5;5;5;5;5;5;5;5;5;4;4;4;4;4;4;4;4;5;5;5;5;1;1973;.;4;Más de 20.000
;3;4;5;5;5;4;4;5;5;5;4;4;5;5;5;5;3;5;4;5;5;4;5;5;5;5;5;5;5;5;4;3;2;2;2;2;5;5;5;4;4;4;4;4;4;3;3;4;5;5;5;2;2;2;4;5;5;4;4;5;3;2;2;2;5;4;5;3;4;3;2;4;0;1971;1;2;101 a 250
;2;2;2;4;5;5;5;5;5;1;2;2;5;5;4;3;3;3;4;4;2;4;4;3;5;5;5;3;4;2;3;2;3;2;3;3;4;3;4;4;4;4;2;1;2;4;3;4;4;4;4;4;4;4;4;4;4;4;4;4;1;1;1;1;4;3;3;4;3;2;2;2;1;1965;1;2;Menos de 50
;3;4;3;3;5;4;5;4;4;2;2;2;5;5;5;4;4;5;4;4;4;4;4;4;4;4;3;4;4;4;3;4;5;4;5;4;5;5;4;3;4;4;3;4;3;3;4;4;4;3;3;5;5;5;4;4;4;4;5;4;4;2;2;3;3;5;5;5;3;2;3;3;0;1964;1;2;501 a 2.500
;4;5;5;4;4;5;4;4;5;5;5;5;4;5;5;5;4;5;5;4;3;5;5;5;4;4;4;5;4;5;4;4;4;3;4;4;5;4;4;4;4;4;3;2;5;3;4;4;4;4;4;4;4;4;5;5;5;3;5;5;1;1;2;1;5;5;5;5;5;5;5;5;1;1975;1;3;501 a 2.500
;4;4;3;4;5;5;5;4;4;4;4;4;4;3;3;5;5;5;4;4;5;4;4;4;4;4;3;4;4;4;3;3;3;3;5;4;4;4;4;3;3;4;3;3;3;3;2;3;5;4;4;3;4;4;3;3;3;5;5;5;1;1;1;1;5;5;5;4;3;1;1;2;1;1972;1;2;51 a 100
;4;5;5;5;5;5;5;5;5;5;5;5;5;5;5;4;4;5;5;5;5;5;5;4;5;5;4;5;5;5;3;5;5;5;5;5;4;4;5;4;5;5;4;4;4;4;4;5;4;4;4;5;5;4;5;5;5;4;5;5;3;3;3;4;4;5;5;3;4;4;3;4;1;1974;1;10;Menos de 50
;2;3;2;3;4;5;4;4;4;4;4;4;5;4;4;4;4;4;4;4;4;5;5;4;4;4;4;3;4;3;3;3;2;3;5;4;4;4;4;4;4;5;3;3;4;4;3;4;4;3;4;4;4;4;4;4;4;4;4;4;3;3;3;3;4;4;4;4;4;4;4;4;1;1979;0;4;251 a 500
;5;4;4;5;5;5;4;4;4;3;4;4;5;5;5;4;4;4;4;5;5;5;5;5;4;4;3;5;5;4;3;2;2;3;5;4;4;4;4;4;5;5;4;3;3;3;3;4;5;4;5;4;4;4;4;5;5;5;5;4;2;2;1;2;5;5;5;5;5;4;3;3;1;1972;1;4;Menos de 50
;5;5;4;4;5;5;4;4;4;4;4;4;4;4;5;4;4;5;5;4;5;5;5;5;5;5;4;5;5;5;3;2;2;3;4;4;4;4;5;4;5;5;4;5;4;3;5;5;4;4;4;4;5;3;4;4;5;5;5;5;2;2;2;2;5;5;5;5;4;4;5;5;0;1972;1;10;Más de 20.000
;5;5;5;5;5;5;5;5;4;4;4;5;5;5;5;5;4;5;5;5;5;5;5;4;5;5;4;5;4;4;4;5;4;4;4;5;5;5;5;4;4;4;4;4;5;5;4;4;5;4;4;4;4;4;4;4;4;4;4;4;4;4;4;5;5;5;5;5;5;5;4;4;1;1976;1;4;501 a 2.500
;4;5;4;4;5;4;5;4;5;4;3;4;5;3;4;4;5;5;4;5;5;5;5;5;4;5;4;5;4;4;3;3;3;4;4;5;5;5;4;4;4;5;3;4;3;3;4;5;5;4;4;4;5;5;4;5;5;5;4;4;4;2;3;5;5;5;5;5;4;4;4;4;1;1970;1;2;51 a 100
;5;5;4;5;5;5;5;5;5;3;1;5;5;4;5;5;4;4;5;5;5;5;5;5;4;4;5;4;5;5;4;4;5;5;5;5;4;4;5;5;5;5;4;5;5;4;4;4;5;5;5;5;5;5;5;5;5;4;5;5;1;1;1;3;5;5;5;5;4;4;4;4;1;1972;0;12;5.001 a 10.000
;5;5;5;5;5;5;5;5;5;5;5;5;5;5;5;4;5;5;5;5;5;5;5;5;5;5;5;5;5;5;5;5;5;5;5;5;5;5;5;5;5;5;5;5;5;5;5;5;5;5;5;5;5;5;4;5;5;5;5;5;1;1;1;1;5;5;5;5;5;5;5;5;1;1965;0;4;251 a 500
;4;5;3;5;5;5;4;3;5;2;3;3;3;3;4;4;4;4;5;5;3;4;4;4;5;4;5;5;3;5;2;2;2;2;2;2;5;5;4;4;4;5;1;3;2;5;3;5;4;4;4;3;4;3;3;4;4;4;4;3;1;1;1;1;5;5;5;5;4;4;3;4;0;1962;1;4;501 a 2.500
;2;4;2;5;5;5;5;5;4;2;3;3;5;5;5;4;5;4;3;3;3;5;4;5;4;4;4;5;4;4;3;4;4;4;4;5;3;4;4;4;5;3;3;2;3;2;2;5;3;4;3;3;4;3;3;5;5;5;5;5;3;4;4;4;5;4;4;3;4;5;5;4;1;1961;.;2;251 a 500
;5;5;5;4;4;5;5;4;4;4;2;3;4;3;4;3;4;4;3;4;4;4;4;4;3;4;4;3;3;3;3;4;4;5;5;5;5;5;5;5;5;4;5;4;3;3;2;4;4;4;4;5;5;5;4;4;4;5;5;5;3;2;2;2;4;5;5;5;4;4;4;4;1;1973;1;10;2.501 a 5.000
;5;5;3;4;5;4;5;5;4;4;4;4;5;5;5;4;4;5;4;4;4;5;5;5;4;4;4;5;5;4;3;3;4;4;5;4;4;4;4;4;5;5;4;4;4;4;4;5;4;4;5;4;5;4;5;5;5;4;5;5;3;4;4;4;4;3;3;3;4;4;4;4;1;1971;1;15;Menos de 50
;3;4;3;4;4;4;4;4;4;3;3;3;5;4;4;5;4;5;4;4;4;5;4;4;5;5;3;3;3;4;3;4;5;3;5;5;3;4;4;3;3;4;3;4;4;4;3;4;4;4;4;5;4;4;3;4;3;5;4;4;1;1;1;2;4;2;4;3;4;3;3;4;0;1969;1;9;Menos de 50
;4;5;4;4;4;5;5;4;4;1;2;2;3;4;4;4;5;4;4;4;3;5;4;4;2;2;2;3;2;2;2;2;4;2;3;5;4;5;3;5;4;3;2;1;2;1;2;2;2;2;2;4;4;4;3;4;3;4;5;5;1;1;1;2;3;5;5;5;4;3;3;4;1;1969;0;2;251 a 500
;2;3;2;4;3;5;5;5;5;2;2;2;3;5;5;4;4;5;5;5;4;5;5;5;3;4;5;4;5;4;2;2;3;2;5;4;4;2;4;5;5;5;4;4;4;3;2;3;4;4;4;3;3;3;5;5;5;4;5;5;1;1;1;2;5;2;3;3;3;4;2;4;1;1975;1;9;Menos de 50
;3;4;4;4;4;4;4;4;4;4;4;4;4;4;3;4;3;3;4;4;2;5;5;5;4;4;4;5;4;4;5;4;5;3;5;3;5;4;4;5;4;3;5;3;5;4;4;4;3;3;4;2;4;3;3;3;5;4;5;4;1;3;3;2;5;5;5;4;4;4;4;3;0;1964;1;11;501 a 2.500
;5;5;4;4;5;4;4;4;4;5;5;4;4;5;5;5;5;5;4;5;5;5;5;5;5;5;5;5;5;5;5;5;5;5;4;5;4;4;4;5;5;5;5;5;5;5;5;5;3;3;4;4;4;4;5;4;5;5;5;4;4;4;3;4;4;5;5;4;5;5;5;4;1;1974;1;3;Menos de 50
;5;5;3;4;5;5;4;4;4;5;4;3;3;4;4;4;2;4;4;4;5;5;5;5;4;4;4;5;5;4;2;1;2;2;3;3;5;4;4;4;4;4;4;4;4;5;4;4;4;4;4;4;3;3;2;4;4;5;5;4;2;3;3;3;5;5;4;5;5;2;4;5;1;1968;1;16;Menos de 50
;5;5;5;5;5;5;5;5;5;4;4;4;4;5;4;5;4;5;5;4;5;5;5;5;5;5;5;5;4;4;5;4;5;4;5;5;5;5;5;4;4;5;5;5;5;5;5;5;5;5;5;5;5;5;4;4;4;4;5;5;4;4;5;5;5;5;5;5;5;5;5;4;0;1971;1;4;Menos de 50
;5;5;5;4;4;4;5;5;5;4;4;4;5;4;5;4;4;4;2;3;3;4;4;4;5;5;5;5;5;5;3;3;4;4;5;5;5;5;5;5;5;5;5;4;4;4;4;5;5;5;5;4;5;4;4;3;3;5;5;5;2;2;2;5;5;5;5;5;2;1;2;2;1;1977;0;17;501 a 2.500
;4;5;4;4;4;4;5;4;4;5;4;4;4;4;3;5;2;4;5;5;5;4;5;3;5;4;5;5;4;3;5;2;3;2;4;4;4;5;5;4;4;4;5;4;4;4;4;2;5;5;5;4;5;4;4;4;5;4;5;5;2;1;2;2;5;5;4;4;4;4;4;4;1;1980;1;10;101 a 250
;4;5;3;4;5;5;5;5;5;4;4;5;3;3;5;4;4;4;5;4;5;5;5;5;5;5;4;4;4;4;4;3;3;4;5;4;5;4;4;4;5;4;4;4;4;4;4;4;4;4;4;2;4;4;4;4;5;4;4;4;1;1;1;1;3;4;5;4;3;1;4;3;0;1973;1;9;Menos de 50
;5;5;5;5;5;5;4;4;4;4;5;4;4;4;3;5;4;4;5;4;5;4;4;4;5;5;5;5;4;4;3;3;4;2;5;3;5;5;5;3;5;4;5;5;4;3;5;4;4;5;5;4;3;3;3;3;4;5;5;5;2;2;2;3;5;5;5;4;4;3;3;4;1;1976;1;17;101 a 250
;4;5;5;5;5;5;4;4;4;3;2;2;4;4;4;5;5;5;4;5;4;4;5;5;5;5;5;5;5;5;3;3;3;4;5;5;5;5;4;3;4;5;3;2;3;4;4;5;5;5;4;4;4;4;4;5;3;5;5;4;4;4;3;4;4;5;5;5;4;4;5;5;1;1972;1;1;501 a 2.500
;4;4;3;5;5;5;5;4;4;2;3;3;5;5;4;4;3;3;4;4;4;4;5;5;4;5;4;5;3;3;3;3;2;3;5;4;4;4;4;4;4;4;4;4;4;4;3;4;4;4;4;4;5;4;4;4;3;5;5;5;3;3;3;3;4;4;4;4;4;4;4;4;1;1978;0;8;
;5;4;4;4;4;5;5;5;4;4;3;3;5;5;4;5;5;5;4;4;5;5;4;5;5;5;5;5;3;4;3;4;4;4;5;5;5;4;4;4;4;4;4;5;4;4;4;5;4;3;4;5;5;5;3;3;3;5;5;5;3;2;2;3;5;5;5;5;4;4;4;4;0;1975;1;18;251 a 500
;4;5;4;5;5;5;5;4;5;4;5;5;4;5;5;5;4;5;5;5;5;5;5;5;5;5;4;3;4;4;4;5;5;4;5;5;5;5;4;5;4;5;5;5;5;4;4;4;3;5;5;5;4;4;4;5;5;4;5;5;2;2;2;4;5;5;5;5;5;5;4;4;1;1974;1;6;501 a 2.500
;5;5;5;4;4;4;5;5;5;5;5;4;4;5;5;3;5;5;5;5;4;4;5;5;4;5;5;5;5;5;4;4;4;4;4;3;5;5;5;4;4;5;5;4;4;4;5;5;4;5;5;4;4;5;5;5;4;4;5;5;5;4;4;4;5;5;5;5;5;4;4;4;1;1968;1;12;Menos de 50
;4;5;5;2;3;4;5;5;5;2;3;3;5;5;5;5;3;5;4;5;4;5;5;3;2;2;2;3;5;5;5;3;5;2;3;3;5;5;3;5;4;4;2;2;5;4;4;5;2;2;3;3;5;4;4;3;5;4;5;4;3;2;3;5;2;3;4;4;3;5;3;3;1;1971;1;11;10.001 a 20.000
;5;5;5;4;5;5;5;4;5;3;4;4;4;5;5;5;5;5;4;5;4;5;5;5;4;4;4;5;4;5;4;4;3;2;5;5;5;5;5;5;5;5;4;4;5;5;4;5;4;3;4;4;5;4;5;4;4;5;5;5;3;1;4;2;5;5;5;5;4;3;4;4;1;1963;.;9;Más de 20.000
;3;5;3;3;4;4;5;5;5;2;1;2;5;4;4;5;5;5;5;5;5;5;5;5;5;5;4;4;3;4;3;2;4;3;3;4;4;4;5;4;3;4;3;2;4;2;3;4;3;4;4;2;3;3;3;3;4;5;5;4;3;3;3;4;5;4;4;3;4;4;4;4;0;1972;0;4;51 a 100
;4;4;4;4;5;5;5;5;5;2;2;2;5;4;5;4;4;4;3;5;3;5;5;5;4;4;5;5;4;4;5;5;4;2;2;4;4;4;4;5;5;5;4;4;5;4;4;4;5;5;5;3;4;4;5;5;5;5;5;5;2;2;2;2;5;5;5;5;5;5;5;5;1;1967;1;2;Menos de 50
;4;4;3;3;4;4;3;4;4;4;4;5;3;4;4;4;4;5;3;4;4;4;3;3;4;4;2;4;3;4;3;2;3;3;4;4;5;4;4;4;3;5;2;3;4;4;3;4;3;4;3;2;3;4;4;3;4;4;4;4;2;2;3;3;4;5;4;4;3;4;3;3;1;1974;0;11;2.501 a 5.000
;2;3;2;3;3;3;3;3;3;2;2;3;4;4;3;4;2;4;4;4;4;4;3;3;3;3;2;2;2;2;2;2;3;3;4;3;3;3;3;3;3;3;3;2;3;3;3;2;3;2;2;3;3;2;3;2;2;4;4;4;2;2;2;2;2;2;2;3;3;3;2;2;1;1967;1;11;501 a 2.500
;4;4;4;5;5;4;5;4;4;3;4;3;4;4;3;5;4;4;4;5;4;5;5;4;4;4;4;4;3;4;2;3;4;4;5;5;4;5;4;4;4;4;2;3;4;4;3;4;4;4;3;4;4;4;4;5;5;5;5;4;1;1;1;2;4;3;4;4;4;3;3;3;1;1969;1;2;501 a 2.500
;5;5;5;5;5;5;5;4;4;3;3;3;5;5;5;4;5;5;5;5;5;5;5;5;4;4;3;5;5;4;4;4;4;3;5;4;4;5;5;4;5;4;4;3;4;4;4;4;4;4;4;3;3;4;4;5;4;5;5;5;1;1;2;1;4;5;4;5;5;4;4;3;0;1977;1;8;
;3;4;3;5;5;4;4;3;3;2;2;4;4;5;5;3;3;4;4;2;2;4;3;4;4;4;3;3;2;2;2;2;2;2;4;2;2;3;4;4;4;4;2;3;2;3;2;4;4;3;4;2;3;3;3;3;5;2;4;4;1;1;1;1;2;2;2;3;3;3;2;2;0;1972;0;5;51 a 100
;4;4;3;3;4;3;4;4;3;2;2;2;4;4;4;4;3;4;4;4;4;4;4;4;3;2;3;4;3;3;3;2;4;3;5;4;4;4;4;4;3;3;4;4;3;4;4;2;3;3;3;4;4;4;3;3;3;4;4;4;2;2;2;2;3;5;4;5;2;2;2;3;0;1972;0;4;2.501 a 5.000
;4;5;4;3;5;4;4;4;4;3;2;2;5;5;4;5;4;5;5;5;5;4;4;4;5;5;4;3;4;4;4;4;3;4;5;5;4;4;4;4;3;5;5;3;4;3;3;3;4;3;4;3;5;4;4;5;4;4;4;4;3;3;3;3;5;5;4;4;4;3;4;4;1;1964;1;1;5.001 a 10.000
;4;5;5;4;5;5;4;4;5;4;4;3;4;4;4;5;4;5;5;5;5;4;5;4;4;4;4;4;4;4;4;4;4;4;5;4;4;4;4;4;4;4;4;4;4;4;5;4;4;4;3;4;5;4;4;5;4;5;5;5;3;2;1;2;4;5;5;4;4;4;4;4;1;1970;1;17;Menos de 50
;5;5;5;5;5;5;5;5;5;5;5;5;5;5;5;5;5;5;5;5;5;5;5;5;5;5;5;5;5;5;5;5;5;5;5;5;5;5;5;5;5;5;5;5;5;5;5;5;5;5;5;5;5;5;5;5;5;5;5;5;1;1;1;1;5;5;5;5;5;5;5;5;0;1983;0;10;2.501 a 5.000
;4;4;2;4;5;5;3;5;3;4;3;4;2;5;4;4;5;4;4;5;4;5;5;5;4;4;3;5;4;5;4;2;4;2;4;3;4;3;2;3;2;4;4;2;4;4;2;2;4;4;4;2;5;5;2;2;2;4;4;4;1;1;1;1;4;5;5;5;4;4;3;4;1;1972;1;10;101 a 250
;4;4;4;4;3;5;5;3;3;3;3;4;4;4;3;3;4;4;4;4;5;4;5;4;4;4;4;4;4;5;2;2;3;3;4;3;4;4;3;4;4;4;3;4;3;4;4;5;3;4;3;2;3;4;4;4;4;5;4;4;2;2;2;3;5;5;5;4;4;4;4;4;0;1975;1;10;501 a 2.500
;2;4;2;4;5;4;4;3;3;2;2;2;2;2;3;4;3;3;2;3;3;2;3;4;3;4;4;2;3;3;2;2;2;1;2;2;3;2;4;5;5;4;3;2;2;2;2;3;4;4;4;2;2;2;4;4;4;3;3;3;1;1;2;2;3;4;3;3;3;2;2;3;0;1966;1;4;251 a 500
;4;4;3;3;5;5;5;5;4;4;4;3;4;5;4;3;4;5;3;4;4;4;4;4;4;5;4;4;5;3;2;2;2;3;4;3;4;4;4;3;3;4;4;4;4;4;3;3;4;3;4;2;4;4;2;2;2;5;4;4;2;2;2;2;5;5;5;4;5;4;4;4;1;1976;1;6;Menos de 50
;4;5;5;5;5;5;5;5;5;5;5;4;5;5;4;4;4;5;5;5;5;5;5;5;5;5;4;5;4;4;4;4;4;3;4;4;5;5;5;4;5;5;5;4;5;3;3;5;4;3;3;4;5;5;4;4;4;5;5;5;3;3;3;4;4;5;3;5;4;5;3;4;0;1975;1;17;2.501 a 5.000
;5;5;4;4;5;5;5;4;4;4;4;4;5;5;4;4;4;4;4;4;4;4;4;4;4;4;4;4;4;4;4;3;3;4;5;4;4;4;5;3;4;4;4;4;4;3;4;4;4;4;4;4;4;4;4;4;4;4;5;5;4;4;4;4;4;4;4;4;4;4;4;4;0;1974;1;4;Menos de 50
;4;5;4;5;4;4;5;4;4;5;3;4;5;5;4;4;4;5;5;5;4;4;5;5;5;5;4;5;4;4;4;5;5;3;3;4;5;5;4;4;4;4;4;4;5;4;4;4;4;3;4;3;4;4;5;5;4;4;4;5;4;3;3;4;5;5;5;4;4;3;4;4;1;1975;1;4;Menos de 50
;4;4;3;4;4;3;5;4;4;4;3;4;4;4;3;4;4;4;3;3;4;4;4;4;3;4;3;4;4;3;4;3;5;2;3;3;2;3;4;4;3;3;3;3;3;2;2;4;4;2;4;3;3;3;3;3;4;4;4;3;1;2;1;2;3;4;3;4;4;2;2;2;1;1963;0;11;10.001 a 20.000
;5;5;3;4;5;5;4;2;3;3;2;3;5;5;5;5;5;5;4;5;4;3;2;5;5;5;5;3;4;4;4;2;5;4;5;5;5;5;5;5;5;5;3;4;3;4;4;5;4;5;4;5;5;5;5;5;4;4;5;5;4;4;4;5;4;4;5;5;4;5;4;4;1;1969;1;2;101 a 250
;4;4;3;5;4;5;5;4;4;4;5;4;5;3;4;4;5;5;4;4;4;4;5;4;4;4;3;4;3;4;2;2;4;2;5;3;4;4;4;3;4;4;3;4;3;4;4;5;4;5;4;5;5;4;2;4;2;5;4;4;3;3;2;2;4;4;4;4;5;4;4;4;1;1965;1;4;251 a 500
;4;4;3;4;5;5;3;4;3;4;4;3;5;4;5;5;2;5;5;4;3;5;4;5;2;3;4;2;3;3;3;5;5;4;5;5;3;4;5;5;4;5;2;2;4;3;2;4;5;4;5;5;4;5;4;5;5;5;5;5;3;3;3;3;3;4;3;4;5;4;4;4;1;1967;1;1;Más de 20.000
;4;3;4;5;4;4;4;3;4;2;2;2;4;5;4;4;4;5;2;4;4;5;3;4;4;4;5;4;4;3;2;4;4;4;4;4;4;3;4;5;5;4;5;3;4;4;4;5;4;4;5;3;4;5;3;4;4;4;4;4;2;3;4;2;3;4;4;3;4;4;2;3;1;1971;0;2;501 a 2.500
;5;5;5;5;4;5;5;5;4;4;4;4;5;4;4;4;5;5;5;5;5;5;5;5;4;4;4;5;4;4;4;3;4;4;5;5;5;5;5;5;4;5;5;4;5;5;5;4;5;4;5;5;5;4;4;5;4;4;5;5;3;3;3;4;5;5;5;5;4;5;4;4;0;1968;1;11;Más de 20.000
;4;4;3;5;5;5;4;4;4;4;3;4;4;5;4;3;3;3;5;4;4;4;4;4;5;5;5;4;4;3;4;4;4;4;5;3;5;5;5;4;4;4;5;3;5;4;4;5;4;4;4;3;5;3;4;5;5;4;5;4;2;1;2;1;5;4;5;4;4;5;5;5;0;1971;1;9;Menos de 50
;4;4;3;2;3;5;5;5;4;4;2;3;4;3;5;4;5;5;5;5;5;5;5;5;5;5;5;4;4;5;4;3;4;3;4;2;4;4;5;5;5;5;4;4;4;2;1;4;4;4;5;3;3;5;3;4;3;5;5;4;3;1;2;2;5;5;5;4;4;4;2;3;1;1977;1;6;2.501 a 5.000
;5;4;5;5;5;5;5;4;4;4;4;4;5;5;5;5;4;5;5;5;5;5;5;5;5;5;5;5;5;5;4;4;4;4;5;4;4;4;5;4;5;5;5;5;4;4;4;5;4;5;5;5;5;5;4;5;5;5;5;5;1;1;1;1;5;5;5;5;4;1;2;1;1;1970;1;2;251 a 500
;4;3;5;4;4;5;4;4;4;4;3;3;4;5;4;5;5;5;3;4;3;4;4;4;5;5;5;4;4;4;4;5;4;4;5;4;4;4;4;4;4;4;5;3;4;4;4;4;5;5;4;3;4;4;4;4;4;4;5;4;4;4;4;4;5;5;4;4;3;4;4;4;1;1974;1;2;251 a 500
;4;4;4;2;4;2;4;4;4;2;4;2;4;2;4;4;3;5;5;4;4;5;4;3;4;4;3;5;3;4;2;1;2;2;2;3;4;5;4;4;4;4;3;3;3;4;2;4;3;4;4;3;5;3;2;1;2;5;5;5;1;1;1;1;5;5;5;1;1;1;1;1;1;1969;0;12;2.501 a 5.000
;4;4;4;4;5;5;3;3;3;3;3;3;5;5;5;4;4;5;4;4;4;4;5;5;5;5;4;4;3;4;2;3;3;3;4;3;4;3;4;4;3;4;5;3;4;4;4;5;4;3;4;2;3;3;4;4;4;4;4;4;1;1;1;1;5;5;4;4;5;4;5;5;1;1976;.;4;101 a 250
;4;4;3;3;4;5;5;4;4;3;3;3;3;4;4;4;5;5;5;5;5;4;5;4;5;5;5;4;5;5;4;2;3;3;5;3;5;5;5;5;5;5;3;4;4;2;3;5;4;4;4;4;4;4;5;4;5;4;4;4;2;2;2;2;5;5;5;5;4;4;3;4;0;1967;1;9;501 a 2.500
;4;5;4;5;5;5;4;4;4;5;4;4;4;5;5;4;4;4;4;5;5;4;4;4;4;4;4;5;4;4;4;4;4;4;5;4;5;4;4;4;4;4;4;3;4;3;3;5;4;4;4;4;4;4;4;4;4;4;4;4;2;3;3;3;5;4;4;4;4;4;4;4;1;1976;.;10;501 a 2.500
;3;5;4;4;4;5;4;4;4;4;5;5;4;4;4;4;5;5;5;4;4;5;5;5;5;5;4;5;5;1;4;4;5;3;4;4;5;5;4;4;5;5;3;4;4;5;4;4;4;4;3;4;4;4;4;5;4;4;4;4;4;3;4;4;4;5;5;5;5;4;4;4;0;1965;0;7;251 a 500
;5;5;4;4;5;5;5;4;4;4;3;4;2;4;4;4;4;5;4;4;3;5;4;4;4;4;4;4;4;3;4;5;5;2;4;3;5;5;4;5;5;5;3;4;5;4;5;3;4;5;4;2;3;4;3;5;3;5;5;4;1;1;1;1;5;5;5;3;5;4;4;4;1;1969;1;8;
;3;3;3;4;4;4;4;4;3;3;2;1;2;3;3;3;4;2;4;4;4;4;3;3;4;4;4;2;3;4;3;2;2;3;2;4;4;4;4;3;4;4;4;3;3;4;3;4;3;4;4;4;5;4;3;4;3;4;4;4;2;2;2;2;4;3;3;4;4;3;4;4;0;1978;0;11;501 a 2.500
;3;4;3;5;5;5;5;4;5;3;3;3;5;5;5;4;5;4;5;5;4;5;5;4;5;5;5;5;5;5;4;4;5;4;4;5;5;5;5;5;5;5;4;4;5;3;4;5;5;4;5;5;5;5;4;4;4;4;5;4;4;4;3;4;4;5;5;5;5;4;4;5;0;1977;.;17;Menos de 50
;4;5;4;3;5;5;4;4;4;2;2;3;4;4;4;4;3;4;5;4;4;4;4;4;5;5;5;3;4;3;3;4;4;3;5;4;5;5;5;4;4;4;4;4;3;4;3;4;5;5;5;4;4;4;4;4;4;3;3;4;1;1;1;1;5;5;5;4;4;3;4;3;1;1964;1;5;51 a 100
;3;3;5;5;5;5;5;4;5;4;2;2;4;4;4;4;2;4;5;4;4;5;5;4;5;5;4;4;4;4;3;2;2;2;3;3;4;5;4;5;4;4;5;5;5;2;3;4;4;4;4;5;5;5;3;4;4;5;5;5;1;1;1;2;4;4;4;5;4;4;4;4;0;1974;0;9;251 a 500
;3;4;4;3;5;5;5;4;3;2;2;3;3;2;5;3;3;4;4;4;4;4;4;4;4;3;4;4;4;4;3;3;3;3;4;3;5;5;5;4;4;4;4;3;4;2;3;4;4;5;5;5;4;4;3;5;4;5;4;4;2;1;2;2;3;5;4;3;4;1;4;3;0;1965;0;9;51 a 100
;3;3;4;4;4;5;4;4;4;3;4;4;5;4;3;4;4;4;5;3;4;4;3;4;4;4;4;4;4;4;4;5;5;3;5;3;4;4;4;3;4;4;4;4;4;4;3;4;3;4;4;4;3;3;4;5;4;4;4;4;2;4;2;5;4;4;4;4;4;5;4;4;0;1972;0;4;Más de 20.000
;3;4;4;4;4;5;4;5;4;3;4;4;4;4;4;5;4;5;4;4;4;5;5;4;5;4;4;4;5;5;4;4;4;4;5;5;5;5;5;5;4;5;4;5;4;4;4;4;5;5;4;4;5;5;4;5;4;5;5;5;2;4;2;2;5;5;5;5;4;4;4;4;1;1955;1;17;251 a 500
;5;5;4;4;4;4;4;4;4;4;4;3;4;4;4;4;4;4;4;4;4;4;4;4;4;4;4;4;4;4;3;4;4;3;3;3;4;3;3;4;4;4;4;4;4;4;4;4;4;4;3;3;3;4;4;5;4;4;4;4;3;3;3;3;4;4;4;4;4;4;4;4;1;1977;1;4;51 a 100
;5;4;4;4;4;4;4;4;4;3;3;2;5;5;4;4;5;4;4;4;4;5;4;4;4;4;4;4;4;4;3;2;4;4;5;4;3;4;4;4;4;4;3;3;3;3;4;4;4;5;4;4;4;4;4;4;4;5;4;4;2;2;1;2;4;4;4;4;3;3;2;3;1;1963;1;9;101 a 250
;5;4;4;4;5;3;5;5;5;2;2;4;5;4;5;4;3;4;4;4;4;3;4;2;4;4;4;5;2;2;4;2;3;3;3;5;5;5;5;2;3;5;4;2;3;3;4;4;4;4;4;5;5;5;4;2;3;5;5;5;1;2;1;1;5;5;3;5;3;4;3;4;1;1962;1;4;501 a 2.500
;3;3;3;4;4;5;5;4;3;4;4;4;4;4;4;5;3;5;5;4;4;5;4;4;4;4;4;4;4;4;4;4;3;4;5;5;4;5;5;4;4;4;4;4;4;3;4;4;5;5;5;5;5;5;4;5;4;4;5;5;2;2;2;3;5;5;5;4;4;3;4;4;1;1967;1;2;101 a 250
;3;5;4;5;5;5;5;5;4;2;1;3;5;4;5;4;4;4;5;5;5;5;5;5;4;5;4;4;4;4;4;4;5;3;5;4;5;5;4;4;4;4;4;4;4;4;4;4;4;4;4;4;4;4;4;4;4;5;5;5;2;4;4;4;5;5;5;5;5;4;5;5;0;1963;1;7;101 a 250
;5;5;5;4;5;4;4;4;4;4;4;3;4;4;4;4;5;5;5;5;5;4;4;4;5;5;4;4;4;4;4;4;4;3;3;4;4;4;4;4;4;4;4;4;4;4;4;4;4;4;4;4;4;4;4;4;4;4;4;4;2;1;1;2;5;4;4;4;4;4;4;4;1;1961;1;4;Menos de 50
;5;5;5;5;5;5;4;4;4;5;5;4;4;4;4;4;4;4;3;3;3;5;3;4;5;5;5;4;3;3;4;2;2;4;5;5;4;4;4;4;4;3;4;2;4;5;5;4;5;5;5;5;5;5;4;4;3;4;5;4;2;2;1;2;5;3;3;4;2;2;2;2;1;1966;1;4;Menos de 50
;4;5;4;3;3;4;5;4;3;3;2;2;4;4;3;4;4;2;4;4;4;4;4;4;2;2;2;4;2;2;2;4;4;3;5;4;4;4;4;4;4;4;2;2;2;3;2;4;3;3;4;4;4;3;3;3;3;5;5;4;2;2;2;2;2;3;4;3;2;2;3;3;1;1957;1;2;501 a 2.500
;5;5;5;5;5;5;5;5;5;4;4;4;5;4;5;4;4;5;5;5;5;5;5;5;5;5;4;5;5;5;4;5;5;4;5;5;5;5;5;4;5;5;4;4;4;5;5;4;4;4;4;5;5;5;4;4;4;5;5;5;4;4;4;4;5;5;4;4;5;5;5;5;1;1948;1;3;Menos de 50
;4;4;4;4;4;4;4;4;4;4;4;4;4;4;4;4;4;4;4;4;4;4;4;4;4;4;4;4;4;4;4;4;4;4;4;4;4;4;4;4;4;4;4;4;4;4;4;4;4;4;4;4;4;4;4;4;4;4;4;4;4;4;4;4;4;4;4;4;4;4;4;4;1;1956;1;9;Menos de 50
;5;5;5;5;5;5;5;4;4;4;5;5;5;4;5;5;5;5;4;5;5;4;5;4;5;5;4;5;5;5;4;5;4;4;5;4;4;5;5;4;4;5;3;2;2;4;5;5;5;4;4;5;5;5;5;3;4;5;4;5;1;2;1;2;4;4;4;3;3;4;4;4;1;1949;1;1;5.001 a 10.000
;3;3;1;3;4;5;4;2;2;3;2;3;4;3;5;4;4;4;4;5;2;4;4;5;5;2;2;3;4;5;2;1;3;3;1;5;2;4;5;5;4;3;3;3;4;4;3;5;3;2;3;5;5;4;4;5;5;5;5;5;2;2;2;3;3;5;3;5;4;4;4;4;1;1955;0;2;501 a 2.500
;5;4;5;5;5;5;4;4;5;3;4;5;4;2;5;4;4;5;4;5;5;5;4;5;4;5;4;4;4;5;4;4;4;3;4;4;5;5;4;5;4;5;3;4;4;3;4;4;5;5;4;4;4;4;4;5;4;4;5;5;1;2;1;1;4;5;4;3;4;4;4;4;1;1962;1;2;Menos de 50
;4;5;4;5;5;5;5;4;4;4;4;4;4;4;4;3;2;5;4;4;5;4;4;4;5;5;4;5;4;4;3;2;1;3;5;3;4;4;5;3;4;3;4;2;1;2;3;2;4;5;4;2;4;4;4;5;5;5;5;4;1;1;1;1;5;4;5;5;4;2;3;5;1;1963;1;3;501 a 2.500
;4;5;2;4;4;5;5;4;3;3;3;3;5;4;4;4;3;4;3;4;4;5;3;4;3;2;4;4;2;5;2;2;2;2;3;3;4;3;4;4;4;4;3;2;2;3;2;4;5;5;4;4;5;4;4;5;4;5;5;5;1;2;1;2;3;5;4;3;3;3;2;2;1;1960;0;2;10.001 a 20.000
;3;4;3;3;5;5;3;4;4;4;4;4;4;4;4;4;4;4;4;4;4;4;4;5;4;4;3;5;5;5;2;2;3;2;3;3;4;4;3;4;3;4;2;2;2;4;3;4;4;4;4;3;3;3;4;4;4;4;4;4;1;2;2;2;4;4;5;4;3;3;3;3;0;1961;0;4;Menos de 50
;4;4;2;5;5;5;5;5;5;2;2;2;2;5;5;3;2;4;5;5;5;5;2;5;5;5;5;2;2;2;4;2;4;2;5;3;4;4;5;5;5;3;4;4;5;4;4;4;5;5;5;3;4;3;5;5;5;2;5;5;3;2;2;4;5;5;4;5;4;4;4;3;0;1976;1;2;Menos de 50
;5;5;4;2;5;4;5;4;4;4;4;4;4;4;4;4;4;5;4;5;5;4;4;4;4;4;4;4;5;4;4;3;3;4;5;4;4;4;4;4;4;4;4;4;4;4;4;4;4;4;4;4;4;4;4;5;4;4;4;4;4;4;4;4;5;4;5;5;4;4;5;4;1;1960;1;2;10.001 a 20.000
;5;4;3;5;5;4;4;5;4;3;4;3;4;5;4;4;4;4;5;5;5;4;4;4;4;4;4;5;5;1;4;4;4;4;5;4;4;5;4;4;4;4;3;4;4;4;4;4;4;5;5;4;4;4;4;4;5;4;4;4;2;3;3;3;4;5;4;4;4;4;4;4;1;1957;0;4;Menos de 50
;4;4;4;4;4;5;5;5;5;5;5;4;5;5;5;4;5;4;4;5;5;5;4;5;5;5;4;5;4;4;4;4;4;4;5;5;5;5;5;5;4;5;3;4;4;5;5;4;4;5;5;5;4;5;4;5;4;5;5;5;3;2;3;4;5;5;5;5;5;5;5;5;0;1984;0;2;501 a 2.500
;5;5;4;4;4;5;4;4;4;3;2;4;4;4;3;3;4;4;4;4;4;4;4;4;4;5;4;3;3;3;3;4;4;2;3;2;4;3;4;4;4;4;3;3;3;4;4;4;4;4;4;3;3;3;2;3;3;4;4;4;1;1;1;2;5;4;5;4;4;3;3;3;1;1958;1;9;Menos de 50
;4;5;3;3;4;5;3;3;4;3;3;4;5;4;3;3;3;4;4;3;4;4;4;5;4;4;4;4;3;4;3;2;3;3;3;3;4;4;5;5;5;4;4;3;5;4;3;3;4;4;3;3;4;3;4;4;4;4;4;4;2;1;2;2;2;3;3;2;4;4;3;4;1;1959;1;3;Menos de 50
;5;5;4;5;4;4;5;5;5;3;3;3;5;5;5;4;4;3;4;5;5;5;5;5;3;5;4;4;3;3;4;3;4;3;5;4;4;4;4;4;4;4;4;3;4;5;4;5;4;3;5;2;3;3;4;5;4;4;5;5;2;2;2;2;5;4;4;3;4;4;4;3;0;1960;1;6;501 a 2.500
;5;4;4;4;4;4;4;4;5;5;5;3;3;4;2;5;2;5;4;5;5;3;2;4;5;5;5;5;3;4;3;2;2;4;2;3;5;5;5;4;4;4;4;2;4;5;5;5;5;5;5;3;4;5;1;3;1;3;4;3;4;3;4;2;5;4;5;4;5;3;5;4;0;1960;1;10;Más de 20.000
;4;5;5;5;5;5;5;4;4;4;5;4;5;4;4;4;5;5;5;5;5;5;5;5;4;5;4;5;5;5;5;2;5;4;5;5;4;5;5;5;5;5;4;5;4;4;4;5;4;5;4;5;5;5;5;5;5;5;5;5;1;1;1;1;5;5;5;5;4;4;4;4;1;1961;1;4;Menos de 50
;4;5;4;4;3;4;4;4;3;4;4;3;5;5;4;4;3;5;5;4;4;5;5;4;3;3;4;4;4;4;3;4;4;4;5;4;3;4;4;3;4;4;3;4;3;4;4;4;4;3;4;5;4;4;4;5;5;3;5;4;4;4;3;4;3;4;3;4;4;4;4;4;1;1966;1;17;10.001 a 20.000
;3;4;4;3;4;5;5;4;4;4;5;5;5;2;2;5;4;5;5;5;5;4;4;5;5;4;4;5;2;4;2;2;4;4;4;5;5;5;3;3;2;2;4;3;4;4;4;4;4;3;4;4;4;4;2;2;2;5;4;4;2;2;2;2;4;5;5;4;4;3;4;4;0;1957;.;7;10.001 a 20.000
;4;4;3;3;5;4;4;4;3;2;2;2;2;4;3;4;4;4;4;4;3;4;4;4;4;4;4;4;3;4;2;4;4;2;3;3;4;4;4;4;3;3;4;2;2;3;2;3;4;4;4;3;4;4;3;4;4;4;4;4;2;1;1;3;4;4;3;4;4;4;3;4;1;1965;0;18;10.001 a 20.000
;5;5;5;5;5;5;5;5;4;4;4;4;4;4;4;4;3;4;4;4;5;5;4;5;5;5;4;4;4;4;2;2;2;4;5;5;5;4;5;5;4;5;5;5;4;4;4;4;4;4;4;4;4;4;4;4;4;5;5;5;3;2;1;1;5;5;5;4;5;4;4;4;1;1961;1;4;501 a 2.500
;4;4;5;3;5;5;5;5;5;4;4;4;3;4;4;4;4;5;5;4;4;4;5;4;4;4;4;5;4;5;5;4;5;4;5;4;5;4;5;5;5;5;4;4;5;4;4;4;4;4;4;4;5;4;5;5;5;4;5;4;2;2;2;2;4;5;5;5;5;5;5;5;1;1959;0;4;251 a 500
;5;5;4;4;5;5;5;5;4;4;4;4;5;5;5;5;5;5;5;5;5;5;5;5;5;5;5;5;4;5;4;4;5;5;5;5;5;4;5;5;5;5;5;4;5;5;5;5;5;5;5;4;5;5;4;5;5;5;5;5;4;4;4;5;5;5;5;5;5;5;5;5;1;1959;1;3;2.501 a 5.000
;2;4;3;5;5;5;4;4;2;2;2;2;4;4;4;3;2;3;3;4;4;4;4;4;4;4;5;2;4;4;3;2;2;3;5;3;3;2;4;3;4;4;4;2;3;2;2;3;4;4;3;2;4;3;3;4;4;3;4;4;1;3;1;2;4;3;3;2;4;3;4;4;1;1965;1;9;101 a 250
;4;5;4;3;4;5;5;5;5;4;5;4;4;5;5;4;4;5;3;4;5;4;4;3;5;5;4;3;3;3;3;4;5;3;5;4;4;4;4;3;3;4;4;3;4;4;3;5;3;4;4;5;5;4;3;3;4;4;4;5;3;3;3;4;5;4;5;4;5;4;5;5;0;1975;0;10;2.501 a 5.000
;2;3;1;3;4;4;5;5;5;2;2;2;4;4;4;4;2;4;2;2;2;4;2;3;3;4;2;4;3;3;4;5;4;4;4;3;2;2;3;4;4;4;4;2;3;4;3;3;4;3;3;2;2;3;2;4;3;5;5;4;4;3;4;4;4;4;4;5;4;3;4;4;1;1978;0;2;501 a 2.500
;2;3;3;5;5;5;4;4;4;4;3;4;4;4;3;4;4;4;4;4;4;4;4;4;3;3;3;3;5;5;4;4;4;4;2;4;4;4;3;4;3;3;4;2;3;3;4;4;3;3;3;4;4;4;4;4;4;5;4;4;3;3;4;3;4;5;4;4;4;4;4;4;1;1974;0;4;Menos de 50
;4;4;5;3;5;4;4;4;3;2;1;2;4;4;4;3;3;4;4;3;2;5;5;4;5;5;4;4;3;4;2;4;4;2;2;4;4;4;5;4;4;5;5;3;5;5;2;5;5;5;4;4;5;5;4;4;5;4;5;4;4;1;4;3;5;5;5;5;2;1;2;1;1;1976;0;17;10.001 a 20.000
;5;4;2;5;5;5;5;4;3;3;2;3;4;5;4;2;2;4;3;2;2;5;4;4;5;5;5;5;4;4;2;2;2;4;4;4;5;5;5;4;4;3;3;3;3;3;3;4;3;4;4;4;4;4;4;4;4;5;5;4;2;2;2;2;4;5;5;4;5;4;4;4;0;1962;1;4;Menos de 50
;4;4;3;3;4;3;5;4;4;2;4;2;3;3;3;3;5;5;4;4;3;5;4;4;3;4;4;4;4;4;3;4;4;4;2;1;4;4;5;3;5;4;3;3;3;4;5;5;4;4;4;4;4;4;4;5;5;4;4;4;4;2;4;4;4;4;3;4;4;2;4;2;0;1980;0;11;Más de 20.000
;3;4;3;5;4;5;4;5;4;4;4;5;2;3;3;5;4;5;5;4;5;4;5;5;4;4;3;5;5;5;3;4;4;2;4;2;4;2;2;5;4;4;4;5;5;2;2;4;2;2;2;2;2;2;4;5;4;5;4;4;1;1;1;1;3;5;4;3;4;4;4;3;1;1976;0;4;51 a 100
;4;5;4;4;4;4;5;4;4;2;3;4;4;4;3;3;3;4;3;3;3;5;5;5;4;4;4;4;4;4;4;4;3;3;4;3;4;4;4;3;3;4;3;3;2;2;2;4;3;4;4;3;4;3;3;5;4;4;4;4;3;2;2;2;5;5;4;3;4;4;3;3;1;1973;1;8;
;4;3;4;3;4;5;5;4;3;3;3;4;4;4;4;3;3;3;4;4;4;4;4;4;3;4;4;3;3;3;4;3;2;3;4;3;4;4;3;3;3;4;4;3;4;4;4;4;4;4;4;4;3;3;3;3;3;3;4;4;3;4;3;3;3;4;3;4;4;3;3;4;0;1976;1;15;2.501 a 5.000
;5;5;5;4;4;4;5;5;5;3;5;4;5;5;5;5;5;5;3;5;2;5;5;5;5;5;4;5;4;5;4;5;4;4;5;5;5;5;4;5;5;5;5;5;4;5;4;5;4;5;5;3;5;5;5;5;5;5;5;5;1;1;1;2;5;5;5;4;4;5;5;4;1;1980;.;12;5.001 a 10.000
;3;2;2;4;5;5;4;3;4;1;2;1;4;3;4;4;3;3;4;4;4;5;3;4;3;4;4;2;2;2;2;3;3;3;4;3;4;4;4;4;3;4;5;2;4;2;2;5;4;4;4;2;3;3;3;4;3;4;4;4;1;1;1;3;4;4;5;4;4;3;3;3;1;1973;.;2;Menos de 50
;4;5;3;5;5;5;5;5;5;4;2;5;5;5;5;5;4;5;4;4;5;5;4;5;5;5;5;5;5;5;4;4;5;4;4;3;5;5;5;3;5;5;5;4;5;4;5;5;5;5;5;5;5;4;5;5;5;4;4;4;5;5;5;2;5;4;5;1;5;4;2;5;1;1981;1;13;251 a 500
;5;5;5;4;5;5;5;5;5;5;5;4;4;5;4;2;3;3;5;5;5;5;5;4;5;5;5;5;4;5;4;4;4;4;5;4;5;4;5;4;5;4;5;5;5;5;4;4;4;4;4;4;4;4;4;4;4;4;5;5;2;2;2;2;4;5;5;5;5;5;4;5;0;1966;1;3;Menos de 50
;5;2;4;3;4;5;5;4;4;5;5;5;4;4;5;3;4;4;4;2;4;2;4;4;3;5;5;4;3;3;1;3;4;2;3;4;4;4;2;4;4;4;4;3;4;2;3;3;5;5;5;4;4;4;2;4;2;4;5;5;3;2;3;4;5;4;3;3;4;4;4;4;1;1973;1;9;Más de 20.000
;4;4;3;3;5;5;4;5;4;4;3;4;4;5;4;4;4;4;4;5;4;5;5;5;4;4;5;4;4;4;4;3;4;4;5;4;5;4;5;5;4;4;4;4;4;5;5;5;5;5;5;5;5;5;4;4;4;3;5;4;2;2;2;2;5;5;5;5;5;4;4;5;0;1974;0;11;5.001 a 10.000
;5;4;4;4;5;5;4;4;3;4;2;2;4;4;4;4;5;5;5;4;4;4;5;5;3;3;4;4;5;1;3;2;4;3;3;4;4;4;4;4;4;4;3;3;3;4;2;3;4;3;4;4;4;4;4;4;4;4;4;4;2;2;1;2;2;5;4;2;4;4;2;4;0;1964;1;3;101 a 250
;3;3;5;5;5;3;4;4;4;2;2;3;4;5;5;4;4;5;5;4;4;5;4;4;4;5;5;4;4;4;4;5;4;3;3;3;4;4;4;3;5;4;3;3;3;4;4;4;5;5;3;3;3;3;5;5;4;4;4;4;5;4;5;3;4;5;4;3;5;4;2;4;1;1968;1;2;5.001 a 10.000
;4;5;4;3;4;4;5;5;4;4;4;4;3;3;4;4;3;5;3;4;4;3;4;4;4;4;4;4;4;5;4;2;3;2;3;3;4;4;4;4;4;4;3;3;3;4;4;3;4;4;3;3;4;4;2;2;2;4;4;3;2;2;1;1;4;4;4;4;4;2;4;4;1;1975;1;2;101 a 250
;4;4;5;5;5;5;5;5;5;4;3;4;4;5;4;3;2;3;2;4;4;5;4;4;4;4;4;4;5;4;4;3;4;3;4;4;5;5;4;4;4;4;4;4;4;3;3;4;5;5;5;4;5;5;4;3;3;4;4;4;4;3;4;5;5;5;4;5;3;4;4;4;1;1970;1;12;51 a 100
;3;4;3;3;4;5;3;4;3;4;4;4;3;4;4;4;4;4;5;4;4;5;3;4;4;4;4;3;3;3;3;5;4;4;3;4;4;4;4;3;4;3;3;3;3;3;3;4;4;3;4;4;4;3;5;4;4;3;3;3;4;3;3;4;4;4;4;4;5;3;4;3;0;1984;0;11;51 a 100
;4;4;5;4;5;5;4;4;4;4;4;4;4;4;5;4;2;5;5;5;4;5;3;4;4;5;4;4;4;4;4;3;3;4;5;4;5;4;5;4;4;4;4;4;3;5;5;5;4;4;5;4;5;4;3;5;4;4;5;5;2;1;2;3;5;5;5;5;5;5;5;4;1;1974;0;15;Menos de 50
;4;5;4;3;4;3;5;5;4;4;3;3;5;4;5;5;5;5;4;4;4;4;5;5;3;4;5;4;5;4;3;2;3;4;5;4;5;4;3;4;4;5;3;3;4;5;5;5;4;5;5;4;4;4;5;5;5;5;5;5;3;3;4;4;5;5;5;5;4;4;4;4;1;1981;0;12;Más de 20.000
;4;4;4;5;5;4;5;5;5;4;4;4;5;5;4;5;4;5;5;5;5;5;5;5;5;5;5;5;5;5;4;5;5;4;5;4;5;5;5;4;4;5;4;2;4;2;2;4;5;5;5;5;4;4;4;4;3;5;5;5;4;4;2;5;5;5;5;5;4;3;2;4;0;1970;1;4;501 a 2.500
;5;4;4;5;4;4;4;5;4;4;4;5;5;4;4;5;3;4;4;5;3;5;5;4;4;4;2;4;3;4;4;5;5;3;5;4;3;4;4;4;3;5;4;4;2;2;2;3;5;4;4;3;4;3;4;5;4;4;4;5;1;2;2;3;4;4;2;1;4;4;3;3;1;1969;1;3;2.501 a 5.000
;5;4;4;3;4;4;5;5;5;3;2;4;4;4;4;4;4;5;5;5;4;4;4;4;5;5;5;4;4;5;4;4;4;4;5;4;5;5;4;4;4;5;4;4;4;3;4;5;5;5;4;4;4;4;4;3;5;5;5;5;5;5;4;5;5;5;5;5;5;4;4;5;1;1967;.;1;2.501 a 5.000
;4;5;2;3;3;3;4;2;5;3;1;4;4;5;4;4;4;4;2;3;2;5;4;5;5;4;4;2;2;3;1;1;2;2;2;3;5;5;5;4;4;3;2;3;3;1;2;4;4;4;3;3;4;4;5;4;4;5;5;4;1;2;1;2;4;5;5;5;4;2;2;4;0;1980;1;11;Más de 20.000
;2;5;2;4;5;5;5;5;4;5;5;5;4;4;3;4;4;4;3;3;2;4;3;3;4;4;3;3;3;3;2;2;3;3;2;3;2;2;2;4;3;4;3;2;3;5;4;4;3;3;2;2;2;3;4;5;5;5;4;4;1;1;5;2;2;3;3;3;2;1;4;2;1;1977;1;4;Menos de 50
;5;5;4;5;5;5;5;2;2;4;2;3;4;4;2;4;4;4;4;4;4;5;5;5;5;5;5;5;3;5;4;5;4;5;4;4;5;5;5;4;4;4;4;4;3;5;5;5;4;3;3;4;5;5;2;2;2;3;3;3;2;4;2;1;5;5;5;5;3;5;2;5;0;1975;1;12;501 a 2.500
;4;4;4;3;4;5;4;3;3;2;4;2;4;3;4;5;5;5;5;5;5;4;5;5;3;3;3;4;3;3;3;2;2;3;3;4;3;4;5;5;4;4;3;3;2;3;4;5;4;4;4;3;4;5;3;3;2;4;5;4;2;3;2;2;3;3;3;5;4;3;4;4;0;1976;0;12;Más de 20.000
;2;3;2;4;4;5;4;3;3;2;2;2;3;4;4;4;4;4;4;4;4;4;4;4;4;3;3;3;2;2;2;3;3;3;4;4;3;3;3;4;2;2;1;1;2;2;2;4;3;2;2;3;3;4;4;4;2;3;4;4;4;4;4;4;4;4;4;4;4;3;4;4;1;1983;1;4;Menos de 50
;4;4;3;4;4;4;4;3;4;2;3;3;4;4;4;4;4;4;4;4;4;4;4;4;4;4;4;3;3;3;4;2;4;3;3;4;4;4;2;3;2;4;3;2;3;4;4;4;4;4;4;3;4;3;2;3;3;4;4;4;2;2;2;2;2;4;4;4;4;4;3;4;0;1977;.;12;251 a 500
;3;4;4;4;5;4;4;4;4;3;2;3;5;5;5;3;3;2;5;5;5;3;3;4;4;4;4;3;4;4;5;3;2;2;5;3;5;4;3;4;5;5;5;5;4;5;4;5;4;4;4;4;4;4;3;5;4;5;5;5;4;1;3;4;5;5;4;4;3;1;3;3;0;1976;1;10;Más de 20.000
;2;4;2;4;4;4;3;5;5;5;4;4;4;5;4;4;5;5;4;3;5;4;4;3;5;5;5;5;4;4;3;4;4;2;3;4;5;4;4;3;2;5;5;5;5;4;5;4;4;5;5;4;3;4;4;4;2;4;5;3;5;4;4;2;5;5;5;2;5;4;2;4;1;1980;0;2;101 a 250
;2;4;3;4;5;5;5;5;5;4;2;4;4;4;4;3;5;5;4;4;3;4;3;4;4;4;2;4;3;4;4;4;5;4;4;4;5;4;5;4;3;5;5;2;4;3;4;4;3;3;3;4;4;5;4;4;3;4;5;4;1;1;1;1;4;5;5;5;5;4;5;5;0;1969;1;3;501 a 2.500
;5;5;5;5;5;5;4;5;5;4;5;5;5;5;5;4;4;5;5;5;5;5;5;5;5;5;5;5;5;5;5;5;5;5;5;5;5;5;4;5;5;5;5;5;5;5;5;5;5;4;4;4;4;4;5;5;5;5;5;5;4;4;3;4;5;5;5;5;5;5;5;4;0;1973;0;3;501 a 2.500
;4;4;3;3;4;5;5;4;3;4;3;4;4;5;3;5;3;4;5;5;4;4;5;4;4;3;3;5;4;5;4;1;2;2;5;4;5;5;4;4;4;4;4;5;4;4;4;3;4;4;4;5;4;3;3;4;3;5;5;5;2;1;1;1;4;5;5;4;4;3;4;4;0;1967;1;1;10.001 a 20.000
;4;4;4;4;5;5;4;3;3;4;2;3;5;5;4;3;2;3;4;5;4;5;4;4;3;3;3;2;5;4;3;4;3;3;5;3;4;4;4;4;4;5;4;2;4;2;3;3;4;4;4;3;4;2;4;4;3;4;4;5;4;2;3;4;3;5;4;4;4;1;3;4;1;1972;1;11;10.001 a 20.000
;4;4;2;3;5;4;5;4;4;3;4;3;4;5;4;4;3;4;4;4;4;5;4;4;4;4;3;3;4;4;4;4;4;4;5;4;5;5;3;4;4;4;4;4;4;3;3;4;2;2;2;4;4;4;4;5;4;3;4;4;2;2;2;2;4;5;5;5;4;2;4;3;1;1977;1;9;2.501 a 5.000
;4;4;2;4;3;5;4;5;4;4;2;4;5;5;2;5;5;4;5;5;2;4;5;5;5;5;5;4;4;4;4;4;4;4;4;2;4;3;2;2;4;5;4;1;5;4;5;5;2;4;2;5;5;4;4;4;4;4;4;3;4;2;3;4;5;1;5;4;4;4;4;4;1;1976;1;8;
;5;5;5;5;5;5;5;5;5;4;5;4;5;3;5;4;5;5;5;5;5;5;5;5;5;5;4;5;5;5;3;4;4;4;5;4;5;5;5;5;5;5;5;5;5;5;5;4;5;5;5;5;5;4;5;5;5;5;5;5;2;2;1;1;5;5;5;5;5;5;5;5;1;1984;0;4;501 a 2.500
;4;4;4;4;4;4;5;5;4;5;4;5;4;2;2;4;4;4;3;3;4;3;3;3;5;5;5;4;5;4;4;2;2;3;5;4;4;5;5;4;4;4;5;4;4;5;4;5;5;5;5;4;4;4;4;2;2;5;5;4;1;2;2;3;5;4;5;4;4;4;4;4;0;1968;1;3;Menos de 50
;4;5;5;5;5;5;5;5;5;4;3;4;5;5;5;5;4;5;5;5;4;5;4;4;5;5;5;4;4;5;4;4;4;4;4;4;5;4;4;4;4;5;5;5;5;2;4;4;4;5;4;4;5;4;5;5;5;5;5;5;2;2;2;2;5;5;5;4;5;4;4;4;0;1977;1;4;Menos de 50
;4;4;5;4;5;4;4;4;4;2;2;2;4;5;4;4;4;5;4;5;4;4;5;4;4;4;4;4;4;4;4;4;2;4;5;5;4;4;4;5;4;4;4;4;4;2;2;4;4;4;4;4;4;4;4;4;5;3;4;4;4;2;4;4;5;4;5;4;4;4;5;4;1;1972;1;14;51 a 100
;5;5;5;5;5;5;4;5;4;3;2;2;4;4;4;4;4;4;4;4;4;5;5;5;5;5;5;5;5;5;3;3;3;3;4;4;5;5;5;4;4;4;4;4;4;3;4;4;5;4;4;4;4;4;5;4;4;4;4;4;3;3;3;4;5;5;5;5;4;4;3;3;0;1975;1;4;101 a 250
;3;3;2;3;4;4;4;4;4;3;3;3;4;5;4;4;4;4;4;5;5;4;5;4;4;4;4;4;4;4;4;3;4;3;4;3;3;3;4;4;4;4;3;2;4;4;3;4;3;4;4;2;3;2;4;4;4;4;5;4;2;3;2;3;4;4;3;3;4;4;4;2;1;1968;1;1;10.001 a 20.000
;4;5;4;4;5;5;4;4;4;2;2;3;5;5;4;4;4;5;4;4;4;5;5;4;5;5;4;5;5;5;3;4;5;3;5;4;4;5;5;4;5;5;3;2;3;4;4;4;5;5;5;4;5;4;4;5;5;4;4;4;1;1;1;1;5;5;5;4;5;5;4;5;1;1981;0;2;251 a 500
;4;5;4;5;5;5;5;4;4;2;2;2;4;4;3;4;4;4;5;4;4;4;4;4;5;4;4;4;4;5;3;3;2;4;4;4;5;5;5;5;5;5;4;5;4;4;3;4;5;5;5;4;5;5;4;4;3;5;5;4;3;3;3;3;4;5;5;5;4;3;4;4;0;1971;0;4;Más de 20.000
;4;5;5;5;4;4;4;5;4;4;2;3;5;5;5;3;3;5;5;5;4;4;5;4;3;4;5;4;4;5;4;2;2;3;4;4;4;4;4;5;4;4;5;4;5;4;4;4;4;4;4;4;3;4;5;5;5;4;4;4;4;4;4;3;4;4;4;4;5;4;5;4;1;1972;1;2;5.001 a 10.000
;4;5;3;4;5;5;4;4;5;4;4;3;4;4;4;5;4;5;4;5;5;4;4;4;5;5;4;4;2;4;2;4;4;3;4;4;5;4;4;4;4;5;4;4;4;4;4;5;4;4;5;3;3;4;5;5;4;4;5;5;2;2;2;3;4;4;4;4;4;4;4;3;1;1974;0;8;
;5;5;5;4;5;5;5;5;5;4;2;4;4;4;4;4;4;4;5;5;5;5;5;5;5;5;5;5;4;4;4;4;3;4;5;4;5;5;5;5;4;5;5;4;4;5;5;4;4;4;4;5;5;5;4;4;4;5;5;5;1;1;1;1;5;4;5;5;4;5;4;4;0;1979;0;9;251 a 500
;3;4;4;4;5;4;4;4;4;2;3;2;4;4;4;4;3;4;4;5;5;5;5;4;5;4;4;4;3;4;4;2;3;3;4;2;4;4;4;4;3;4;4;3;4;4;5;5;4;4;3;3;4;4;3;4;4;4;4;4;2;1;2;2;5;4;4;4;4;3;4;4;1;1968;1;1;10.001 a 20.000
;4;4;2;5;5;5;5;5;5;4;4;4;4;3;4;5;5;5;5;5;5;5;4;5;5;3;4;4;4;4;3;2;2;3;4;2;4;3;4;5;5;5;5;5;5;2;2;4;3;3;2;2;4;3;3;4;4;5;5;5;2;1;2;2;3;5;4;4;2;1;3;3;0;1972;0;4;2.501 a 5.000
;4;4;3;5;5;5;4;3;3;4;4;4;5;5;4;4;2;2;4;4;5;4;4;4;5;5;4;5;5;5;4;3;5;2;5;5;4;4;4;4;5;4;4;4;4;4;5;5;4;4;4;5;5;5;4;4;4;4;5;5;2;3;2;3;4;5;5;5;4;4;4;4;1;1981;0;4;251 a 500
;4;4;3;4;5;5;4;3;4;4;4;4;5;4;5;4;3;3;4;4;4;4;5;5;5;5;5;5;4;5;2;2;3;4;5;4;5;4;4;4;4;5;2;2;4;3;3;4;4;4;4;4;4;4;4;4;3;5;5;4;4;4;4;3;5;5;5;5;3;3;4;4;1;1973;1;17;51 a 100
;5;5;5;5;5;5;3;4;4;4;4;5;5;4;5;5;3;4;4;4;3;5;3;4;4;4;4;4;4;4;4;5;4;4;3;3;5;5;5;3;5;4;3;5;4;3;4;4;4;5;4;4;4;4;4;5;5;3;4;4;4;4;3;4;4;5;5;3;5;3;4;4;1;1977;1;2;501 a 2.500
;5;3;3;4;4;5;3;4;4;4;3;3;3;4;4;2;2;3;5;4;4;5;4;4;3;4;2;3;2;2;4;2;3;4;4;4;2;2;5;2;4;3;4;2;3;4;4;3;4;3;4;4;5;4;2;3;3;5;5;4;1;2;1;2;4;3;2;3;3;2;2;4;1;1979;0;16;10.001 a 20.000
;4;5;2;5;5;5;3;3;3;2;3;2;4;3;3;4;3;5;3;4;3;4;4;4;4;4;4;3;2;3;3;2;3;3;4;4;3;3;3;3;3;4;3;2;2;4;2;2;4;4;4;3;4;3;4;4;3;3;3;3;2;2;2;2;4;4;3;4;4;3;4;4;1;1974;0;15;501 a 2.500
;4;4;3;4;5;5;5;5;4;4;4;4;4;5;5;4;4;5;5;5;5;4;5;5;4;3;2;4;5;5;3;3;2;2;4;2;4;4;4;5;4;4;3;2;4;4;4;4;2;3;3;4;5;4;2;4;2;4;4;4;1;1;1;1;3;5;4;5;4;4;4;5;0;1975;0;4;Más de 20.000
;4;4;5;5;5;4;3;4;4;2;2;3;2;2;2;4;5;2;5;4;5;5;5;4;5;5;5;5;5;5;5;4;4;4;4;4;5;5;5;5;4;4;5;4;4;4;4;4;5;5;5;5;5;5;4;2;3;5;5;5;1;1;1;1;5;5;5;5;4;4;1;5;0;1975;1;3;5.001 a 10.000
;4;5;3;5;4;4;5;5;4;3;4;3;4;5;3;4;3;3;3;4;4;4;3;4;4;4;4;4;4;3;4;3;2;3;3;4;5;4;4;3;4;4;4;3;4;3;3;4;4;4;4;3;4;4;4;4;4;4;5;4;2;2;2;3;4;4;4;4;4;3;3;3;1;1966;1;2;101 a 250
;2;3;3;4;4;4;5;5;4;4;2;3;4;4;4;4;3;4;4;4;4;4;4;4;4;3;3;3;2;2;4;4;4;4;3;4;3;3;4;4;3;2;4;3;3;2;2;2;4;4;4;4;4;4;2;3;3;4;4;5;2;2;2;2;3;4;3;3;3;3;2;3;0;1979;1;3;251 a 500
;3;5;4;5;5;5;5;4;3;5;5;4;4;4;3;4;2;2;4;4;5;4;3;3;4;4;3;4;3;3;1;2;4;4;5;5;4;4;4;2;3;3;4;3;4;2;4;3;4;4;4;4;4;4;5;5;5;3;4;5;3;3;3;4;3;4;4;3;3;3;3;3;1;1983;1;11;251 a 500
;4;4;4;4;4;5;4;4;4;2;3;3;4;3;2;4;3;5;5;4;5;4;5;4;5;5;4;5;5;5;3;3;4;4;5;4;5;4;5;4;4;4;4;4;4;4;4;4;4;4;4;5;5;5;3;5;2;5;5;5;3;4;3;3;5;5;5;5;5;4;4;5;1;1972;1;11;Más de 20.000
;4;5;5;4;4;3;4;4;5;5;4;4;4;5;4;5;4;4;3;4;4;4;4;4;5;5;5;3;4;4;3;4;3;3;5;4;4;5;5;5;5;5;5;5;4;3;4;4;4;4;5;3;4;4;4;5;4;5;5;5;1;2;3;2;5;5;5;5;4;4;4;4;1;1974;1;8;
;3;5;2;5;5;5;4;5;5;3;2;4;4;4;4;3;3;4;4;4;5;5;4;5;5;5;5;4;2;2;2;1;1;2;2;2;4;2;5;5;5;5;4;4;3;2;3;4;5;5;5;2;2;4;4;5;4;3;4;4;3;2;3;2;5;5;4;4;4;4;3;4;1;1979;0;2;101 a 250
;4;5;4;4;5;4;4;4;4;4;3;4;5;4;4;3;4;5;5;5;2;5;5;4;3;4;4;5;3;3;3;3;4;3;5;4;5;4;3;5;5;4;3;2;2;2;2;3;3;4;4;3;3;4;5;5;4;5;5;4;4;4;3;5;5;5;5;5;5;4;4;5;1;1976;1;2;501 a 2.500
;5;5;5;5;5;5;5;5;5;5;5;5;5;5;5;3;5;5;5;5;5;5;5;5;5;5;5;4;4;5;4;5;5;5;5;5;5;5;5;5;5;5;5;5;5;5;5;5;5;5;5;5;5;5;5;5;5;5;5;5;1;1;1;1;2;5;2;3;5;5;5;5;0;1975;.;2;51 a 100
;3;4;3;5;5;5;5;5;5;4;3;4;5;5;5;4;5;5;5;5;4;5;4;4;4;4;4;4;3;3;2;3;3;4;4;4;4;4;5;5;4;4;5;4;5;4;4;5;4;4;4;5;5;4;5;5;4;5;4;5;2;2;2;2;3;4;4;4;3;2;2;2;0;1975;0;4;501 a 2.500
;5;5;4;3;5;4;4;4;3;5;3;4;4;4;4;4;4;5;4;4;4;4;5;4;5;4;4;4;3;4;3;4;4;4;2;3;4;4;4;4;4;4;4;4;4;3;4;4;4;3;4;4;4;4;4;3;4;4;4;3;5;4;4;3;4;4;4;4;4;4;3;4;1;1980;1;2;2.501 a 5.000
;4;5;5;5;5;3;5;5;5;4;2;3;5;4;4;4;4;2;5;5;3;4;2;4;3;5;5;1;3;2;2;1;1;3;4;5;5;5;3;5;5;5;4;2;2;2;3;4;5;5;3;5;5;5;4;5;4;5;5;5;1;2;1;1;4;5;5;3;2;2;3;4;1;1980;1;2;Menos de 50
;5;5;4;5;5;5;5;4;4;3;2;3;4;4;4;3;4;3;4;5;5;4;5;5;4;4;4;5;5;1;4;2;3;3;5;4;5;5;4;3;4;4;4;4;4;4;4;5;5;5;5;4;4;4;3;4;4;5;5;5;1;1;1;1;5;5;3;2;5;4;4;4;1;1968;1;17;501 a 2.500
;4;4;3;5;5;5;4;4;4;3;2;4;4;5;4;4;3;4;4;4;4;5;4;4;3;4;4;5;4;4;4;4;3;4;3;2;3;3;4;3;2;4;3;2;4;4;4;4;4;3;4;5;4;4;4;4;2;5;4;4;4;4;3;4;5;4;4;3;4;4;4;4;1;1966;0;4;Más de 20.000
;4;3;4;3;3;5;4;4;3;2;3;3;4;3;4;4;4;4;4;4;5;5;3;5;4;4;5;4;4;3;3;2;3;4;3;4;5;5;4;3;3;4;4;2;2;3;2;5;4;4;3;4;4;5;4;4;5;3;4;5;2;1;1;2;4;5;5;5;4;4;3;4;1;1969;0;9;2.501 a 5.000
;5;4;3;5;5;5;5;4;5;2;2;2;5;3;4;2;4;4;4;4;3;4;5;5;5;5;5;5;4;5;3;2;2;2;3;3;5;5;5;5;4;4;4;4;3;4;4;5;4;4;4;3;5;2;3;3;2;5;5;5;2;4;2;4;5;5;5;4;5;5;5;4;1;1978;1;4;Menos de 50
;2;3;1;4;4;3;5;5;4;4;4;3;5;3;5;5;4;4;3;5;5;4;4;4;5;5;5;4;5;3;3;4;3;4;5;5;4;4;4;4;2;4;5;3;5;5;3;4;5;5;5;5;5;5;1;4;5;5;5;4;1;1;1;1;5;4;4;4;4;4;3;4;1;1976;0;4;Más de 20.000
;4;4;3;2;4;4;4;4;3;2;3;2;3;4;3;3;4;4;2;3;2;3;4;3;3;1;2;2;3;3;1;4;4;3;4;2;2;2;2;4;4;3;4;4;4;5;4;3;3;4;3;4;5;4;4;3;4;3;4;2;3;3;5;5;2;2;2;4;2;3;4;3;1;1981;.;11;251 a 500
;2;4;2;4;4;4;4;4;2;2;2;3;4;2;3;3;3;4;4;4;3;4;4;4;3;3;3;3;4;3;3;3;3;4;4;3;3;4;3;4;4;4;2;2;2;2;2;3;4;4;4;3;4;3;4;4;3;4;4;4;2;3;3;2;4;4;4;4;4;4;4;4;1;1974;1;9;Menos de 50
;5;5;4;3;4;2;5;5;5;3;4;3;5;4;4;2;2;3;4;5;4;4;4;5;4;3;3;2;4;3;3;3;5;2;4;2;4;5;5;4;2;4;5;3;4;2;3;3;2;3;4;2;5;2;2;5;4;5;5;4;2;2;2;2;5;3;3;3;4;5;3;3;1;1977;.;9;Menos de 50
;2;5;2;4;3;4;5;5;4;2;2;2;4;4;3;4;4;3;4;3;2;5;3;2;2;2;2;3;2;3;2;4;4;5;5;4;3;3;3;3;3;2;4;2;2;3;2;5;5;5;4;4;5;4;2;4;4;4;4;3;3;3;3;3;2;4;3;4;3;2;3;3;0;1980;1;9;2.501 a 5.000
;2;3;1;3;4;5;5;5;5;3;4;4;4;5;5;4;5;5;5;5;4;5;5;5;4;4;4;5;5;5;4;3;3;4;4;4;5;5;5;5;5;5;4;4;5;2;3;5;4;4;4;5;5;5;5;5;5;4;4;4;3;3;3;4;4;5;4;5;4;3;4;5;0;1977;0;11;Más de 20.000
;4;4;4;3;4;4;4;4;4;4;3;4;4;5;5;4;4;5;4;5;4;5;5;5;2;2;4;4;5;5;4;4;4;4;4;4;4;4;5;5;4;5;2;2;4;3;3;5;3;3;3;4;4;4;5;5;5;5;5;5;2;1;2;1;4;5;4;4;2;2;2;3;0;1979;1;10;101 a 250
;4;5;4;4;5;5;4;4;4;4;4;4;4;5;5;5;4;5;4;5;5;4;5;5;4;4;4;4;5;4;5;4;3;3;5;3;4;4;4;4;5;5;5;4;4;4;4;5;4;5;4;5;3;4;5;4;4;4;4;4;4;3;3;4;4;4;4;5;5;4;4;4;1;1968;1;8;
;3;4;4;3;4;4;5;5;4;4;2;3;5;4;5;3;4;4;4;4;4;4;4;4;5;5;5;3;3;4;5;5;4;4;4;4;4;5;5;4;4;4;5;3;4;5;4;5;5;4;4;4;4;4;4;4;4;5;5;4;1;2;1;2;5;4;4;4;4;4;4;4;1;1971;0;7;Más de 20.000
;4;4;2;5;5;5;5;4;4;3;4;4;5;4;5;3;4;5;5;5;5;4;4;4;4;4;5;3;4;4;4;2;3;3;5;4;5;5;5;5;4;5;5;5;4;4;5;5;4;4;5;4;5;4;4;5;4;5;5;5;3;3;4;3;4;5;5;5;5;4;4;4;1;1971;1;4;51 a 100
;3;5;4;5;5;5;5;5;5;5;5;5;5;5;4;5;3;4;5;5;5;4;5;5;5;5;5;4;3;3;4;3;4;3;5;4;5;5;5;3;3;2;5;5;4;5;4;4;5;5;5;4;4;3;2;4;5;3;4;5;1;1;4;2;5;3;4;3;4;4;4;4;1;1966;1;9;Menos de 50
;4;4;4;5;5;5;5;4;4;3;4;4;4;5;4;4;4;5;4;4;4;5;4;4;3;3;4;4;4;4;3;2;3;4;5;4;4;5;4;5;5;4;3;3;4;2;3;4;4;4;4;5;5;5;4;5;4;4;5;5;4;3;4;4;2;3;3;4;3;4;3;3;1;1960;1;17;5.001 a 10.000
;5;4;4;4;4;5;4;4;4;4;3;4;5;4;5;5;4;4;4;5;3;5;4;4;3;4;4;5;4;4;3;5;4;4;3;3;5;4;4;3;4;5;4;3;4;4;4;4;4;3;4;4;5;4;4;4;4;3;3;4;4;4;4;4;5;5;5;3;5;3;4;4;0;1958;1;10;501 a 2.500
;3;5;2;5;5;5;5;3;4;4;2;2;5;5;4;4;4;4;4;4;4;4;4;4;5;4;4;5;4;4;4;2;2;4;4;4;4;4;4;5;5;5;2;4;4;2;3;4;4;4;4;4;4;4;2;4;2;4;4;4;2;1;1;1;5;5;4;5;4;4;4;4;0;1972;1;12;Menos de 50
;5;5;3;5;4;5;5;5;2;4;4;4;4;5;4;5;5;5;4;4;5;5;4;5;3;3;3;3;3;3;4;3;4;4;5;5;4;4;5;5;5;5;4;4;5;4;4;3;3;3;4;4;5;5;3;4;3;4;5;5;1;1;1;2;4;4;3;4;4;3;3;5;0;1959;1;11;51 a 100
;5;5;5;5;4;3;5;5;5;5;4;5;4;4;3;5;5;5;4;5;5;4;4;4;5;5;5;5;5;5;4;4;4;4;5;5;5;5;4;3;4;4;3;4;4;4;4;4;5;5;5;5;5;5;3;3;3;5;5;5;3;3;4;2;4;5;4;4;3;3;3;4;0;1965;1;8;
;4;4;4;4;4;4;4;4;4;4;3;4;4;4;4;4;4;4;4;4;4;4;4;4;4;3;4;4;3;3;3;2;2;3;3;3;4;4;4;4;4;4;4;4;4;3;3;4;4;4;4;3;4;4;4;4;4;4;4;4;3;3;3;3;4;4;4;4;4;4;4;4;1;1953;1;7;2.501 a 5.000
;4;5;5;4;4;4;5;4;5;3;2;2;4;2;2;3;4;4;4;4;4;5;4;4;5;5;4;4;3;3;2;3;4;3;4;4;5;4;5;4;4;4;4;4;4;4;4;4;5;4;4;4;5;4;3;3;3;5;4;4;1;2;2;1;5;4;5;5;5;3;4;5;0;1969;0;3;501 a 2.500
;3;4;4;5;5;4;4;4;4;3;2;2;4;4;3;4;4;4;4;4;4;4;3;4;4;4;3;3;4;4;4;4;4;2;4;3;4;4;2;3;3;4;4;2;4;2;4;4;4;4;4;4;4;4;4;4;4;4;4;4;2;1;2;2;4;4;4;3;3;3;3;4;1;1963;1;4;251 a 500
;5;3;4;5;5;5;5;3;3;2;2;2;5;3;4;5;5;5;5;5;5;4;5;5;5;5;5;5;4;4;4;2;2;2;2;3;5;5;4;5;4;4;4;4;4;4;4;5;5;5;5;5;5;5;3;4;4;4;4;4;1;1;1;1;5;5;5;5;4;3;3;3;1;1959;1;2;101 a 250
;5;5;5;5;4;5;5;5;5;4;5;5;4;4;5;4;4;4;4;5;5;4;5;4;4;5;5;5;5;4;4;3;4;4;5;4;5;4;5;5;5;4;4;5;5;3;4;5;5;5;5;4;4;3;4;5;4;5;4;5;1;1;1;1;5;5;5;5;4;4;5;5;1;1965;1;2;Menos de 50
;4;4;4;4;5;5;4;4;4;4;4;4;4;5;5;4;4;5;5;4;4;4;4;4;4;4;4;4;4;4;3;2;4;4;5;4;4;4;5;3;4;4;3;3;3;4;4;4;4;4;4;4;5;5;4;5;4;5;5;5;1;2;3;2;5;4;4;4;4;4;4;4;1;1964;1;4;Menos de 50
;4;5;4;5;4;5;4;4;5;4;4;5;5;5;5;5;4;4;4;4;5;5;5;5;5;5;4;5;4;4;4;5;5;4;3;3;5;4;4;4;4;4;4;4;4;3;4;5;4;4;4;4;4;4;4;3;3;5;5;4;1;2;1;2;4;4;5;4;3;4;3;2;0;1972;1;11;Menos de 50
;4;4;2;4;5;5;4;5;4;3;3;3;5;5;5;3;3;4;5;5;5;5;4;5;5;5;5;4;3;3;2;2;2;2;2;2;5;5;5;5;5;5;4;5;4;5;5;4;5;4;4;4;4;4;4;3;4;3;5;4;1;1;1;1;5;5;5;5;4;3;3;4;1;1978;.;2;Menos de 50
;4;3;3;4;4;5;5;4;4;3;4;3;5;4;4;4;3;4;5;5;5;5;5;5;5;5;4;5;5;4;3;4;4;3;5;4;4;4;5;5;4;5;4;3;3;4;4;3;4;4;4;4;5;4;4;5;4;4;4;5;4;3;3;4;4;5;4;4;5;5;4;5;1;1958;1;5;Menos de 50
;3;5;5;5;5;4;5;3;3;5;5;4;5;5;5;5;5;5;4;5;4;4;4;4;5;5;5;3;3;2;4;5;5;4;5;5;4;4;5;4;2;2;5;4;5;5;5;2;5;5;5;5;5;5;3;4;3;5;5;5;3;3;3;2;5;3;3;5;5;5;5;5;1;1968;1;2;Más de 20.000
;4;4;5;4;4;4;3;3;4;2;2;2;4;3;3;4;4;4;4;4;2;4;4;4;4;4;4;3;3;4;3;2;2;4;5;5;4;4;4;4;3;4;3;3;4;3;2;3;4;4;4;5;5;5;3;3;3;5;5;5;1;1;1;1;4;4;3;3;3;3;3;4;1;1962;1;4;51 a 100
;4;4;4;5;5;5;4;4;3;4;5;5;3;5;4;4;4;4;4;4;4;3;4;4;4;4;4;3;4;4;3;3;3;2;3;3;4;4;3;3;4;4;3;4;4;2;2;4;3;3;3;2;3;3;4;4;4;4;4;4;2;3;2;2;4;4;4;3;3;4;4;4;1;1961;0;8;
;3;4;2;5;5;5;4;4;3;2;2;2;3;4;4;4;4;4;4;4;3;4;4;4;4;4;3;3;3;4;3;4;3;2;3;3;3;3;3;4;4;4;3;3;4;2;2;4;3;3;3;4;3;3;4;5;5;4;4;4;2;2;1;3;3;4;3;4;4;3;2;4;0;1970;1;11;Menos de 50
;4;4;3;4;5;5;4;4;3;4;5;4;5;4;4;3;2;3;4;4;3;4;3;4;4;4;4;3;5;4;3;4;4;3;5;4;4;4;4;4;4;4;3;3;4;4;4;4;5;5;5;5;4;4;4;4;4;4;4;5;3;1;1;1;4;5;5;4;4;3;2;4;1;1973;1;12;251 a 500
;4;5;4;5;5;5;5;5;5;4;4;4;5;5;5;4;5;5;5;5;5;4;5;5;4;4;4;5;5;5;3;3;3;4;5;4;5;5;5;5;5;5;4;3;5;3;3;4;5;4;4;5;5;5;5;5;5;4;5;5;2;2;2;2;5;4;5;4;4;5;4;5;1;1953;1;7;501 a 2.500
;5;5;4;5;5;5;4;4;5;3;4;4;4;3;4;5;4;5;3;4;4;5;4;4;4;5;4;5;4;5;5;3;3;4;5;4;5;5;4;4;4;4;4;4;4;4;4;5;5;5;5;3;4;4;4;4;4;4;4;4;4;4;4;4;5;5;5;5;4;4;4;4;1;1955;1;10;101 a 250
;4;5;4;4;4;5;5;4;4;4;3;4;4;4;4;4;4;5;4;5;5;5;5;5;3;4;5;3;3;3;2;2;4;3;4;4;5;4;5;4;5;4;5;5;4;4;4;4;4;4;4;3;4;5;4;5;3;4;5;4;2;2;2;2;4;5;5;5;4;4;4;4;1;1974;1;9;Menos de 50
;4;5;4;5;5;5;4;5;5;5;2;5;4;5;4;5;3;5;3;5;3;4;2;4;5;4;4;3;5;5;5;4;4;2;5;2;5;5;5;5;4;4;5;3;5;2;2;4;5;5;5;2;5;5;2;5;4;5;5;5;1;1;1;2;5;5;5;5;5;5;3;5;1;1963;1;10;Menos de 50
;4;5;5;4;4;5;5;5;5;4;5;5;5;5;4;5;4;5;4;3;4;4;3;5;5;5;4;4;4;2;3;4;4;3;3;4;4;4;5;5;5;5;3;2;2;4;4;4;4;5;5;2;4;5;4;2;2;4;4;4;4;4;4;5;5;5;4;4;5;4;5;5;1;1953;1;4;Más de 20.000
;5;4;5;5;5;4;5;5;4;5;4;5;5;4;4;5;4;5;4;5;5;5;4;5;5;5;5;5;5;5;5;4;4;5;5;5;5;5;5;5;4;5;4;4;4;5;5;5;5;4;5;4;5;5;5;5;5;5;5;5;1;1;1;1;5;5;4;5;4;4;4;5;1;1962;1;9;5.001 a 10.000
;4;5;5;5;5;5;5;4;4;3;3;4;4;4;4;4;5;4;3;4;3;5;5;4;5;5;3;5;4;4;4;4;4;3;5;4;5;4;5;4;4;4;4;4;4;4;4;5;4;4;4;5;5;4;4;4;4;4;4;5;4;4;4;4;3;4;5;5;5;4;4;4;1;1966;1;4;Menos de 50
;4;4;3;3;3;4;5;5;5;4;3;3;5;5;4;2;2;2;4;3;3;4;4;4;4;4;4;4;4;4;4;4;4;4;3;3;3;3;4;4;4;4;3;3;4;3;4;5;4;4;4;3;3;3;3;4;4;4;4;4;2;2;2;3;4;2;2;2;4;4;4;3;0;1962;0;11;Menos de 50
;4;5;5;4;4;4;4;4;4;4;4;4;4;4;4;4;4;4;4;4;4;4;4;4;4;4;4;4;3;3;3;3;3;4;5;4;3;5;4;3;3;4;3;4;4;3;4;3;4;4;4;5;4;4;4;5;4;4;4;4;4;4;4;4;5;4;5;4;4;4;4;4;0;1959;1;14;501 a 2.500
;4;5;4;4;4;4;4;4;4;4;2;3;3;4;3;3;3;4;4;3;3;4;5;4;5;4;4;4;4;4;3;2;3;2;2;3;4;4;4;4;3;4;2;2;3;3;4;3;4;3;4;3;3;4;4;4;3;5;5;4;1;1;2;1;5;5;4;4;4;4;3;3;0;1964;0;4;Menos de 50
;4;4;4;4;5;5;4;4;4;2;2;3;4;4;4;4;4;4;4;4;4;3;5;4;3;3;4;3;3;2;4;4;4;3;4;4;4;3;3;4;4;3;3;3;4;5;4;3;3;3;4;2;3;3;3;3;3;4;4;4;2;2;2;2;4;4;4;4;4;4;4;4;0;1961;1;9;501 a 2.500
;4;4;4;5;4;5;5;4;4;4;4;4;5;4;5;5;4;4;4;4;4;4;5;4;4;4;5;5;5;5;4;4;5;4;5;4;4;4;5;4;5;5;4;2;4;3;3;4;4;4;4;4;4;4;4;5;5;5;4;4;3;4;3;4;4;5;5;4;5;4;5;4;1;1957;1;2;251 a 500
;5;5;5;5;4;5;5;5;5;5;4;4;5;5;5;4;4;5;4;5;4;5;5;5;5;5;5;4;4;4;4;4;4;4;5;5;4;4;4;3;3;3;4;2;5;4;3;4;5;5;5;4;5;4;5;5;5;5;5;5;3;4;4;4;5;4;5;4;5;4;4;4;1;1956;1;9;251 a 500
;2;4;4;4;5;5;5;4;4;2;4;2;5;4;4;5;4;5;4;4;4;5;5;5;5;5;5;4;5;4;5;2;2;4;3;4;5;5;5;4;4;4;3;2;5;3;3;4;5;5;5;4;5;4;4;4;4;5;4;5;4;3;4;4;5;5;5;5;5;4;4;4;1;1958;1;4;51 a 100
;4;5;4;4;4;4;3;4;4;4;4;3;4;4;4;4;4;5;3;4;4;4;4;4;4;4;5;4;4;4;3;3;2;3;5;4;4;5;5;4;4;4;4;3;4;5;4;4;4;4;4;4;5;4;3;4;3;3;4;4;2;2;2;2;5;4;5;5;2;3;2;3;1;1953;1;9;Menos de 50
;5;4;5;5;5;5;5;4;5;4;3;4;5;5;5;5;5;5;5;5;5;5;5;5;5;5;5;4;4;3;4;3;4;3;5;4;5;5;5;5;5;4;5;3;5;5;5;5;5;5;5;4;4;4;3;5;4;5;5;5;1;1;1;1;5;5;5;5;5;5;4;5;1;1959;1;4;5.001 a 10.000
;4;5;4;4;5;5;3;3;3;3;2;2;4;4;3;4;4;5;3;3;3;5;3;4;4;4;5;3;4;3;2;2;2;2;3;2;4;5;3;5;4;5;4;2;2;1;1;5;5;4;5;3;4;4;5;5;5;4;5;4;2;1;1;1;3;3;3;3;3;3;2;4;1;1969;1;2;501 a 2.500
;4;4;5;5;4;5;4;5;4;4;4;4;4;4;5;4;3;5;4;4;4;4;4;4;4;5;5;5;4;5;4;4;5;4;2;2;4;4;4;5;4;5;5;5;4;5;4;5;4;4;4;3;3;3;4;5;5;4;4;5;1;1;1;1;5;4;5;4;4;4;4;4;1;1970;1;3;2.501 a 5.000
;4;4;3;4;4;3;4;3;2;4;4;4;3;2;3;2;3;3;3;2;3;2;3;3;4;4;3;3;3;4;2;2;2;2;4;3;5;4;3;2;3;3;2;3;2;3;3;3;2;3;3;2;3;3;3;3;2;4;4;3;2;2;1;2;4;4;4;4;2;3;3;3;1;1968;1;8;
;5;5;4;5;5;4;5;5;5;3;3;3;5;5;5;5;5;5;5;5;5;4;4;4;5;4;4;5;4;4;4;4;5;5;5;4;4;4;5;5;3;3;5;4;5;5;5;4;4;4;4;4;5;4;4;5;3;5;5;5;4;2;4;3;4;5;4;4;4;5;4;4;1;1966;1;8;
;5;4;4;5;5;4;5;4;4;5;5;4;5;5;5;5;5;5;4;5;4;5;5;5;4;4;4;5;5;5;4;5;5;4;5;5;5;5;5;4;5;5;5;4;4;5;5;5;4;4;5;5;5;4;4;4;5;5;5;5;4;4;2;4;4;5;5;5;5;5;4;5;1;1965;1;2;51 a 100
;4;4;5;4;4;4;4;4;4;2;3;2;4;4;4;4;5;5;5;5;5;5;5;5;5;5;5;4;3;3;4;5;5;4;5;4;5;4;5;4;4;5;4;4;4;4;4;4;5;5;5;5;5;4;2;4;2;5;5;5;1;1;1;1;5;4;5;4;4;5;4;4;0;1968;1;2;51 a 100
;4;5;4;5;5;5;5;5;4;4;4;5;5;4;4;5;5;5;5;5;5;5;5;5;5;5;5;5;5;5;4;5;4;4;5;4;5;5;5;5;5;5;5;3;4;5;5;5;5;5;5;5;5;4;4;5;4;5;5;5;1;1;1;1;5;5;5;5;5;4;1;5;1;1952;1;11;251 a 500
;5;5;5;4;5;5;5;5;4;4;5;4;5;5;4;5;5;4;4;5;4;5;5;5;5;5;4;5;5;5;5;4;4;5;5;5;5;5;5;4;4;4;4;4;4;5;5;5;5;5;5;5;5;5;4;4;4;5;5;5;1;1;1;1;5;5;5;5;4;4;4;4;1;1948;1;2;251 a 500
;4;3;3;3;4;5;4;4;4;2;3;3;4;5;4;4;4;5;4;5;4;4;5;4;4;4;5;4;3;4;2;3;3;2;5;3;4;4;5;3;3;4;3;2;3;3;3;4;4;5;4;3;3;3;4;4;4;4;4;4;3;3;1;2;5;5;5;5;4;4;1;2;1;1962;1;4;501 a 2.500
;4;5;4;5;4;4;5;5;5;2;2;3;5;5;4;4;4;4;5;4;4;5;5;5;5;5;4;5;5;5;4;5;4;4;5;5;5;5;5;5;5;5;4;3;4;5;5;4;4;5;4;5;5;5;4;5;5;5;5;5;2;3;3;3;4;5;5;5;4;5;4;4;0;1974;0;3;501 a 2.500
;5;4;5;5;4;5;5;5;4;5;5;5;5;5;5;5;2;4;5;4;5;5;5;5;4;4;5;5;5;5;5;3;4;5;5;4;5;4;5;5;5;5;4;5;4;4;2;5;5;5;5;5;5;5;5;5;5;4;4;4;2;2;2;2;4;5;5;5;5;4;2;4;1;1960;1;12;501 a 2.500
;4;4;4;4;5;5;3;4;4;3;2;2;4;4;4;3;3;3;4;4;4;5;4;4;5;4;4;3;4;4;3;4;3;3;4;4;4;5;4;3;4;4;4;3;3;4;3;4;5;4;4;3;4;4;3;3;4;4;4;4;1;1;1;2;5;5;5;5;4;4;4;4;1;1967;1;2;251 a 500
;2;3;2;4;4;4;4;4;4;4;4;3;3;3;2;4;3;3;3;4;3;4;4;4;5;5;5;5;4;3;3;3;2;3;5;3;4;4;5;2;3;3;3;3;3;2;4;3;5;5;5;4;5;4;3;2;2;5;5;5;1;1;1;1;4;4;5;4;3;2;3;4;0;1966;1;10;Menos de 50
;5;5;4;5;5;5;5;5;5;4;4;4;4;5;4;4;4;5;5;5;5;5;4;4;4;4;4;4;4;4;3;3;3;3;4;3;4;5;4;5;4;4;5;5;4;5;5;5;4;4;4;3;4;5;5;5;5;4;4;5;2;3;3;4;4;4;4;4;5;4;4;4;1;1967;1;9;501 a 2.500
;4;5;4;5;4;4;4;4;3;3;3;3;3;4;3;3;4;3;3;4;3;4;3;3;4;4;4;3;3;3;2;3;3;2;1;3;4;4;4;4;2;4;3;3;3;3;4;5;4;3;3;4;4;3;2;2;1;5;5;4;1;2;2;2;4;3;3;5;2;2;3;4;0;1964;1;2;101 a 250
;4;4;4;5;5;5;5;4;4;2;2;4;4;5;4;3;5;5;4;4;5;5;4;4;4;5;5;4;5;5;4;4;3;4;5;5;5;5;5;4;4;5;4;2;3;3;4;5;4;4;4;3;4;4;4;5;4;4;4;5;2;2;2;2;4;5;5;5;4;4;4;4;1;1959;1;8;
;3;4;4;4;4;5;4;4;5;4;2;4;5;5;5;5;5;5;5;5;4;5;5;5;4;4;4;5;5;1;5;5;5;3;5;5;5;5;5;3;5;5;5;5;4;4;4;4;5;4;4;5;4;4;5;5;5;4;4;4;1;2;2;2;4;4;4;3;4;5;4;2;1;1969;1;6;501 a 2.500
;3;5;5;4;5;5;4;4;4;5;5;5;5;5;5;5;5;5;5;5;5;5;5;5;5;5;5;5;5;5;5;4;5;5;5;5;5;5;5;5;5;5;5;5;5;5;5;5;5;5;5;5;5;5;5;5;5;5;5;5;1;2;1;2;5;5;5;5;5;5;5;5;0;1981;.;14;5.001 a 10.000
;3;3;2;4;4;4;4;3;3;3;3;3;4;4;3;2;2;3;4;4;3;4;4;3;4;4;3;4;3;4;2;3;3;2;3;3;3;4;3;4;4;4;3;3;3;2;3;3;4;4;3;3;4;4;4;2;3;4;4;4;1;3;4;3;4;4;4;4;4;4;3;4;1;1969;1;2;Menos de 50
;4;4;3;4;4;5;4;3;4;4;4;3;4;4;4;4;4;5;4;4;4;5;4;4;4;3;4;4;3;4;4;4;4;4;5;4;4;4;5;5;4;4;4;4;4;3;4;4;4;5;4;5;4;4;3;4;4;4;4;4;2;2;3;3;3;4;4;4;4;4;4;4;1;1964;1;3;2.501 a 5.000
;5;5;5;5;5;5;5;4;5;2;3;3;5;4;5;5;4;5;5;5;5;5;5;5;5;5;5;5;5;5;5;4;5;4;3;5;5;5;5;5;5;5;5;4;5;5;5;5;5;5;5;5;5;5;5;5;5;5;5;5;4;4;4;4;5;5;5;5;5;5;5;5;1;1969;1;8;
;5;4;4;5;5;4;4;4;5;4;4;4;5;4;4;5;4;5;5;4;4;5;4;4;4;4;4;4;5;5;4;4;4;4;5;4;4;5;5;3;2;4;4;3;4;5;5;4;4;4;4;4;4;4;4;5;5;5;5;4;1;2;2;2;5;5;5;5;4;3;4;4;1;1966;1;6;2.501 a 5.000
;3;4;3;4;5;4;4;3;3;3;2;3;4;2;2;3;4;4;3;4;3;4;4;4;4;4;4;3;3;3;3;3;3;2;3;3;4;4;3;3;4;4;3;2;3;3;3;3;3;3;3;2;3;2;2;3;3;3;3;3;2;2;2;2;3;3;4;3;3;3;3;3;1;1964;1;4;Menos de 50
;4;5;4;5;4;4;5;4;4;3;3;3;5;4;3;5;4;4;2;3;4;5;4;5;5;4;4;5;4;4;4;2;4;3;5;3;4;5;5;5;4;4;3;2;4;4;3;4;5;4;4;4;5;3;4;3;3;5;3;3;3;2;2;1;5;5;5;4;3;2;2;4;1;1967;1;1;10.001 a 20.000
;4;4;3;4;4;3;5;4;4;3;3;3;4;4;4;4;4;4;4;4;4;4;4;4;3;3;4;5;4;4;3;3;3;3;3;3;3;3;3;3;4;3;3;2;3;2;2;4;3;3;3;3;4;4;4;3;3;4;4;3;2;2;3;2;4;4;4;4;4;3;3;3;1;1957;1;9;51 a 100
;4;5;3;5;4;4;5;5;4;4;3;5;4;4;4;4;2;2;2;4;2;5;5;5;4;4;3;3;3;4;2;2;3;2;3;2;4;4;5;5;4;4;5;3;4;2;2;3;4;5;5;3;5;3;5;5;5;3;4;3;2;2;1;2;4;4;4;4;4;4;3;4;0;1972;1;13;Menos de 50
;4;5;4;4;3;3;5;4;4;3;4;4;4;4;3;3;4;4;3;4;4;4;4;5;4;4;5;4;4;3;4;4;4;3;5;4;5;5;5;4;3;4;4;2;5;5;4;4;4;4;4;4;4;5;3;3;3;4;4;4;2;2;1;2;5;5;4;3;4;4;3;3;0;1963;1;4;51 a 100
;4;5;5;5;5;5;5;5;5;4;4;4;5;5;5;5;5;5;5;5;4;5;5;5;5;5;5;5;4;5;4;4;4;5;5;5;5;5;5;5;5;5;4;4;4;5;4;5;5;5;5;5;5;5;4;5;4;5;5;5;2;2;2;2;5;5;5;5;5;5;5;5;0;1974;1;3;2.501 a 5.000
;4;4;4;5;4;5;4;4;4;4;2;4;5;4;4;4;4;5;4;4;4;4;4;4;4;4;5;4;3;4;4;4;5;4;5;5;5;5;4;5;4;5;4;5;5;4;5;4;5;5;4;4;5;4;4;3;4;5;5;5;4;4;4;4;4;4;4;4;5;4;5;5;1;1965;.;10;Más de 20.000
;4;4;5;4;5;5;4;4;4;4;4;2;4;5;5;5;2;5;4;5;5;5;5;4;4;4;4;5;3;5;3;1;1;4;4;4;5;5;5;3;3;4;3;2;3;5;5;5;4;5;4;4;4;4;4;5;4;5;5;4;2;3;2;2;5;5;5;4;4;4;4;5;0;1949;1;7;101 a 250
;5;5;5;5;5;5;5;5;5;4;5;5;5;5;5;5;5;5;5;5;4;5;5;5;5;5;5;5;5;5;5;5;4;4;5;5;5;5;5;5;5;5;5;4;5;4;5;5;5;5;5;5;5;5;5;5;5;5;5;5;1;1;1;1;5;5;5;5;4;4;4;4;0;1966;1;4;Menos de 50
;5;5;5;5;4;5;5;5;5;4;4;4;4;4;4;4;5;5;4;5;4;5;5;5;4;4;4;4;4;5;4;2;2;4;5;4;4;5;4;4;4;5;4;4;4;4;4;4;4;5;4;4;5;4;4;5;4;3;4;4;2;2;2;2;4;5;5;5;4;2;3;4;0;1958;1;7;2.501 a 5.000
;5;5;5;5;5;4;5;4;4;4;4;4;3;4;4;4;2;2;2;4;2;4;3;3;4;4;3;4;4;4;5;2;4;4;5;5;4;5;5;4;3;4;4;4;4;4;4;4;4;4;4;4;4;5;3;4;3;4;4;4;2;2;2;2;3;5;4;4;3;3;3;3;1;1960;0;12;51 a 100
;3;4;4;5;5;5;5;4;4;3;2;2;2;4;3;4;2;5;4;4;3;5;3;5;5;5;5;3;5;2;2;2;2;2;5;3;5;4;4;4;4;5;3;4;2;2;3;5;3;4;3;4;4;5;4;3;4;3;4;4;1;1;1;1;4;4;5;4;3;4;3;4;1;1962;1;17;251 a 500
;4;5;4;4;5;5;4;5;5;3;2;3;4;5;3;4;4;4;5;5;5;5;5;5;5;5;5;4;4;4;4;4;4;4;5;5;5;5;5;4;4;4;4;4;3;4;4;4;4;4;4;5;5;4;4;5;4;4;4;5;1;1;1;1;4;4;4;4;5;4;4;5;1;1964;1;3;501 a 2.500
;4;4;4;5;5;5;5;5;5;4;4;4;5;5;4;4;4;5;5;5;4;5;4;4;4;4;4;4;5;2;4;2;2;4;4;4;5;5;4;5;4;4;4;3;3;3;4;4;4;4;4;4;5;5;4;4;5;4;4;5;2;3;3;3;5;5;5;5;4;3;4;4;1;1967;1;2;251 a 500
;4;5;4;5;5;5;5;4;4;4;4;4;5;5;4;4;4;4;4;4;4;4;4;4;4;4;4;4;5;5;4;4;4;3;3;4;4;5;4;3;4;5;3;4;4;4;3;4;4;4;4;3;3;4;4;5;5;4;4;4;3;2;2;2;5;5;4;3;4;5;4;4;1;1948;1;2;Menos de 50
;5;5;4;4;5;5;4;4;5;4;4;4;4;5;4;4;5;5;5;5;5;5;5;5;4;5;4;4;4;5;4;3;3;4;3;4;4;5;5;2;5;5;3;4;3;4;4;5;4;4;4;4;4;5;5;4;4;4;4;5;4;4;4;4;5;5;5;4;5;5;4;5;1;1955;1;10;Más de 20.000
;5;5;5;4;5;5;4;4;4;4;4;4;4;4;4;3;4;4;4;4;3;4;4;4;4;5;5;4;3;4;3;3;3;3;4;3;4;3;5;3;4;4;4;3;4;4;5;4;4;4;4;3;4;3;4;4;3;5;4;4;2;2;2;2;5;4;5;4;4;3;4;3;1;1958;1;8;
;4;4;3;5;5;4;4;4;4;2;2;2;5;5;4;4;3;4;3;3;4;5;4;4;4;4;5;5;4;4;4;5;4;4;3;4;4;3;4;5;5;4;4;3;5;2;3;4;4;5;5;4;4;4;3;4;4;5;4;4;1;1;1;2;5;5;4;4;4;3;4;4;1;1961;1;4;Menos de 50
;4;4;3;5;5;5;5;4;4;4;4;5;5;4;4;4;4;5;3;4;4;5;4;4;4;4;5;3;3;4;3;4;4;4;5;4;3;3;4;4;4;4;3;3;3;3;3;3;4;5;5;2;3;3;4;5;4;5;5;5;4;4;3;4;5;3;3;3;4;4;4;4;1;1955;1;12;101 a 250
;4;4;5;5;5;5;5;4;4;4;4;4;5;5;4;5;5;5;5;5;5;4;5;5;4;4;4;4;5;5;4;2;4;4;5;5;5;5;5;5;5;4;4;4;4;5;5;5;5;5;5;4;5;4;5;5;5;4;5;5;4;4;4;4;4;4;4;5;4;5;5;4;1;1949;1;2;101 a 250
;4;4;3;4;4;4;4;5;4;4;4;3;4;3;5;4;3;4;4;4;3;5;4;4;3;4;4;4;4;4;3;4;4;4;5;5;3;4;4;4;3;4;4;2;4;3;3;4;4;3;3;4;4;4;4;4;3;4;4;4;2;3;2;3;4;5;4;4;3;4;4;4;1;1956;1;2;501 a 2.500
;4;4;4;5;5;5;5;5;5;5;5;5;4;5;5;4;4;4;5;5;5;5;5;5;5;5;4;5;5;5;4;2;2;2;2;2;5;5;5;4;4;4;4;4;4;3;3;5;3;4;3;3;2;3;4;4;4;4;4;4;2;1;2;2;5;5;5;5;4;3;5;4;1;1971;1;4;Menos de 50
;3;4;4;5;4;4;5;4;4;4;4;4;4;3;3;4;4;4;4;4;4;4;4;4;4;4;4;3;4;3;3;3;4;3;5;4;4;4;4;3;3;4;4;4;4;3;4;4;3;4;3;4;3;4;3;4;4;4;4;4;1;2;1;2;3;3;3;3;4;3;4;4;1;1954;1;19;Menos de 50
;4;4;4;4;5;5;4;3;3;3;3;4;4;3;3;4;4;4;3;3;4;4;4;4;3;3;3;3;3;3;3;3;4;3;4;4;4;4;4;3;3;3;3;2;3;3;2;3;3;4;3;4;4;3;2;2;3;3;4;4;3;3;3;3;3;3;3;3;3;3;3;3;1;1959;1;1;5.001 a 10.000
;4;4;4;4;5;5;4;4;4;2;2;3;4;4;5;4;4;5;5;5;5;3;2;4;4;5;4;5;4;5;4;5;3;4;4;4;4;5;5;4;4;4;4;3;3;4;4;4;5;4;4;5;5;5;4;3;4;4;4;4;2;2;3;2;5;5;4;5;4;4;4;4;1;1955;1;8;
;4;5;4;5;5;5;5;5;4;4;3;4;5;5;4;5;5;5;5;5;5;5;5;5;5;4;4;5;5;5;4;5;5;4;5;5;5;5;4;3;3;4;2;2;4;3;3;5;5;5;5;5;5;5;4;4;4;5;5;5;2;2;2;2;5;5;5;5;5;4;4;4;1;1958;0;2;501 a 2.500
;5;5;5;5;5;5;5;4;4;4;3;4;5;5;4;5;5;5;4;4;4;4;4;4;5;5;4;4;4;5;4;4;4;3;5;4;4;4;4;4;5;4;5;4;5;4;4;5;4;5;5;3;4;5;5;5;5;4;5;4;2;3;2;2;5;5;5;4;4;4;4;4;1;1953;1;2;5.001 a 10.000
;4;4;5;4;4;5;3;4;4;4;3;3;5;4;4;4;4;4;4;4;3;4;4;4;4;4;4;4;3;3;3;2;2;3;4;4;3;3;4;4;4;4;3;3;2;2;3;4;4;3;3;3;2;3;4;5;4;4;4;4;4;4;3;4;5;4;3;4;4;4;4;4;1;1968;1;4;51 a 100
;4;3;3;4;5;4;4;4;3;2;2;2;4;3;3;3;4;4;4;4;2;4;4;4;4;4;3;3;3;2;2;3;2;2;3;2;4;3;3;4;4;4;2;2;2;4;3;4;4;4;3;4;4;3;4;5;3;4;3;4;2;2;2;2;4;3;4;4;4;3;3;4;1;1970;0;12;51 a 100
;4;5;4;5;4;4;4;5;5;3;4;4;5;5;5;4;5;4;4;5;5;5;4;5;5;4;5;5;4;4;4;3;3;4;5;4;5;5;5;5;4;4;4;3;5;4;3;5;5;4;4;5;5;5;4;4;4;4;5;4;2;3;3;3;5;5;5;5;5;4;4;5;1;1961;1;6;5.001 a 10.000
;4;5;4;5;5;4;4;4;4;4;3;3;4;3;3;5;5;5;5;4;4;5;4;4;5;5;5;5;5;5;3;3;4;3;3;4;4;4;5;5;5;5;5;5;4;4;5;5;4;5;5;3;4;4;4;3;3;5;5;5;1;1;1;2;5;5;5;5;4;4;4;4;0;1961;1;2;101 a 250
;5;4;4;5;5;4;5;4;4;2;2;2;4;5;5;5;4;4;4;4;4;5;4;4;4;4;4;4;5;4;5;4;4;4;5;5;5;4;5;4;4;5;4;3;4;5;5;5;5;5;5;4;5;4;5;4;4;4;4;4;2;3;2;3;4;5;4;5;4;4;3;4;1;1953;1;12;Menos de 50
;5;5;4;3;4;5;5;4;4;4;5;4;3;5;3;3;3;4;4;3;4;5;5;5;5;4;3;5;4;4;3;2;3;3;4;4;5;4;5;4;4;3;2;2;3;4;3;5;3;4;4;3;5;4;3;2;3;5;5;4;1;2;2;2;5;5;4;5;2;2;3;2;0;1967;1;11;51 a 100
;5;5;5;5;5;5;5;5;5;5;5;5;5;5;5;5;5;5;5;5;5;5;5;5;5;5;5;4;4;4;5;4;5;5;5;5;5;5;5;4;5;5;5;4;4;5;5;4;5;5;5;4;4;5;4;5;5;4;5;5;1;1;1;2;5;4;5;4;5;5;5;5;1;1963;1;3;501 a 2.500
;4;4;4;4;5;5;5;4;4;3;2;3;5;4;4;4;4;5;5;5;5;5;5;5;4;4;4;4;4;3;3;4;4;3;5;4;5;4;4;4;4;4;3;2;3;3;3;4;4;3;4;4;3;4;4;4;4;4;4;5;1;1;1;1;4;3;2;2;5;5;4;4;1;1945;1;4;2.501 a 5.000
;3;4;4;4;3;5;5;4;4;4;5;5;5;5;3;5;5;5;5;5;5;5;5;5;5;5;5;5;4;4;4;5;4;3;3;4;5;5;5;3;3;4;2;2;3;5;5;5;4;4;5;5;5;5;5;5;5;4;5;5;1;1;1;5;5;4;5;5;5;5;5;5;0;1981;1;9;101 a 250
;5;5;5;5;5;5;5;4;4;4;3;3;5;5;5;5;4;5;5;5;5;5;5;5;5;5;4;4;4;4;5;2;2;4;4;4;5;4;5;4;4;4;5;5;5;2;4;4;5;5;5;5;4;5;5;5;4;5;5;5;1;2;1;2;5;5;5;5;5;5;5;5;1;1964;1;10;Menos de 50
;3;3;2;3;3;3;3;3;3;3;4;3;3;3;3;3;3;3;3;3;3;4;4;4;4;4;4;3;4;2;3;5;5;4;5;4;2;2;3;3;3;4;4;3;4;4;4;4;3;3;2;4;3;3;2;3;2;3;3;3;3;4;5;5;4;2;2;3;2;4;3;3;1;1975;.;1;5.001 a 10.000
;4;4;2;4;5;5;4;4;4;2;2;2;5;5;5;3;4;4;4;4;4;4;4;5;4;3;4;2;3;4;4;2;3;4;5;5;4;4;5;3;4;4;4;3;3;2;3;3;5;5;5;5;5;4;4;5;5;4;5;4;2;2;3;4;4;4;3;4;5;4;4;4;1;1962;1;2;251 a 500
;4;5;4;5;5;5;4;4;4;4;4;5;5;5;4;4;3;4;4;5;4;5;4;5;4;4;3;3;3;3;3;2;2;4;3;3;4;4;5;4;5;4;5;5;4;3;3;3;4;5;4;4;5;5;4;5;4;5;5;5;1;1;2;1;4;4;4;4;4;4;3;4;1;1958;1;1;501 a 2.500
;3;4;4;4;5;5;5;5;5;4;2;4;5;5;5;4;4;4;5;5;5;5;4;5;5;4;4;4;3;3;2;2;4;4;3;3;5;3;4;4;4;3;4;2;4;2;3;4;4;4;4;3;5;4;3;4;4;4;5;4;2;2;2;2;4;3;4;3;5;4;4;4;0;1974;.;11;Más de 20.000
;5;5;4;5;4;4;4;4;5;3;4;3;4;3;3;4;3;4;3;3;2;5;4;4;5;5;5;4;4;4;3;4;3;3;4;3;4;4;5;3;3;3;2;2;2;2;2;4;4;4;4;3;4;4;4;4;4;4;4;4;3;2;3;3;5;4;4;4;2;3;3;3;0;1964;1;15;2.501 a 5.000
;4;4;3;5;5;5;5;4;3;4;3;5;5;5;3;5;5;5;4;5;4;5;5;5;4;5;4;4;4;5;4;5;5;5;5;5;5;5;5;4;5;5;3;4;4;2;4;4;4;3;4;5;5;5;3;4;4;5;5;5;1;1;1;3;4;5;5;5;4;4;4;3;1;1963;1;11;101 a 250
;3;5;4;4;5;4;4;4;5;2;3;3;5;4;4;4;4;4;4;3;3;4;4;4;4;5;5;4;3;4;2;4;5;4;4;5;4;4;3;5;5;5;4;3;4;4;3;4;4;5;4;3;4;4;3;3;2;4;5;5;2;1;1;1;5;4;4;3;3;3;3;3;1;1964;1;9;501 a 2.500
;4;4;4;4;4;5;4;4;4;2;2;2;4;4;4;4;5;5;5;5;5;4;5;5;3;4;3;3;2;2;4;4;4;4;5;4;4;4;4;4;4;4;4;2;3;4;4;4;4;4;4;3;3;4;4;3;3;4;4;4;2;3;2;2;5;5;5;5;5;4;4;4;1;1952;1;4;Menos de 50
;5;5;5;5;5;5;4;4;4;4;2;3;5;5;4;5;5;5;5;5;5;4;5;5;5;5;5;5;4;5;5;4;5;4;5;5;5;5;5;4;3;4;4;2;4;4;5;5;4;4;5;4;4;4;4;5;3;5;5;5;4;4;4;4;5;5;5;5;5;4;4;4;1;1968;1;8;
;4;5;4;5;5;5;5;4;4;3;3;3;5;4;5;4;4;5;5;4;4;5;5;4;4;4;4;4;4;5;3;3;3;3;5;4;4;4;4;4;5;5;4;4;4;4;3;4;4;4;4;4;4;4;5;5;5;5;5;5;2;2;3;4;4;5;4;4;3;2;3;3;0;1965;1;4;51 a 100
;4;5;4;4;5;5;5;5;5;3;2;2;4;5;5;5;5;5;5;5;5;5;5;5;4;5;5;4;4;4;3;2;2;4;5;4;4;5;5;5;5;5;3;2;5;2;3;4;5;5;4;4;5;5;5;5;5;4;5;5;1;2;2;4;5;4;4;5;4;4;4;4;0;1957;.;9;501 a 2.500
;5;3;3;3;4;4;3;2;2;2;2;2;2;3;3;4;4;3;3;4;4;4;4;4;3;3;3;3;3;4;3;2;2;3;2;2;3;4;3;3;3;3;2;2;1;3;2;4;3;4;3;3;4;4;4;4;4;3;4;4;2;1;1;1;3;3;4;4;4;3;3;3;1;1953;1;2;Menos de 50
;4;5;3;4;4;5;3;4;4;1;2;3;4;5;3;2;3;4;5;4;5;3;4;4;5;5;4;5;3;4;3;2;3;2;4;3;4;4;5;4;4;5;3;3;3;4;5;5;5;5;4;4;2;3;4;5;4;3;5;5;1;1;1;1;4;4;4;4;4;4;4;4;1;1968;1;6;Menos de 50
;5;4;4;4;5;5;5;5;4;4;4;5;4;4;5;4;4;5;5;5;4;4;4;4;5;4;4;4;4;4;4;4;4;3;5;4;4;4;4;4;3;4;4;4;4;4;4;3;4;4;4;2;4;3;5;4;5;5;5;5;2;2;2;2;4;5;5;5;4;3;4;4;1;1962;1;9;5.001 a 10.000
;3;4;2;4;4;4;4;3;3;2;2;3;4;4;4;3;4;4;2;4;3;4;4;3;3;3;3;4;4;4;2;2;2;2;4;3;4;4;4;3;4;4;2;2;2;4;3;4;3;4;3;2;3;3;4;5;3;5;5;4;1;2;1;2;3;4;4;4;4;4;4;4;1;1964;0;4;Menos de 50
;4;5;4;5;5;4;4;3;5;4;4;4;4;4;3;4;4;4;5;5;4;5;5;4;5;5;5;5;4;5;4;5;5;4;5;5;4;4;4;4;4;5;4;3;4;4;3;4;4;4;4;5;5;5;2;3;3;4;4;4;2;2;2;1;5;5;5;5;4;5;3;4;1;1968;1;8;
;4;3;4;3;5;5;4;4;4;4;5;4;5;5;4;4;4;4;4;5;5;5;5;5;5;5;4;5;5;1;4;2;2;3;2;5;5;5;5;4;5;5;3;5;4;4;4;5;5;5;5;5;5;4;4;4;3;5;5;5;2;2;2;1;5;5;5;5;5;5;5;5;1;1971;0;6;51 a 100
;5;5;5;4;5;5;5;5;5;2;2;3;5;5;5;5;5;5;5;5;5;5;5;5;5;5;5;5;5;5;4;5;4;5;5;5;5;5;5;5;5;5;4;4;4;4;4;5;4;4;4;4;4;4;4;4;4;5;5;5;1;1;1;2;5;5;5;5;5;3;4;5;0;1972;1;4;101 a 250
;4;5;4;4;5;4;5;4;4;4;3;4;4;4;3;4;4;4;4;4;4;4;5;4;5;5;4;5;4;1;3;3;4;4;4;4;4;4;4;4;4;4;4;3;3;3;4;5;4;4;4;3;4;3;4;3;4;5;4;4;2;2;2;2;5;5;4;4;4;4;4;4;1;1958;1;2;101 a 250
;4;4;3;3;4;4;5;5;5;4;4;4;5;5;5;4;4;4;5;5;5;4;5;5;4;4;4;5;5;4;3;3;4;3;3;3;5;5;4;4;5;5;5;4;4;4;4;3;3;4;4;3;3;3;4;5;4;4;4;5;4;1;1;1;4;5;5;5;5;4;5;4;1;1979;0;1;10.001 a 20.000
;4;4;4;5;5;5;5;5;5;4;3;4;5;5;4;5;4;5;4;5;4;5;5;4;5;5;5;5;4;5;5;5;5;4;5;4;5;5;4;4;5;5;4;3;4;4;4;5;5;5;4;4;4;4;4;4;4;4;5;4;3;4;3;3;5;5;4;5;3;4;4;4;1;1962;1;2;101 a 250
;3;4;3;5;5;5;4;3;3;3;1;2;3;4;3;5;4;4;3;4;4;4;3;4;5;5;4;2;2;2;3;2;2;2;4;2;4;4;5;3;2;2;4;2;3;2;4;3;4;4;4;3;2;3;4;5;3;4;5;5;2;1;1;4;4;3;3;3;3;2;2;3;1;1971;1;2;5.001 a 10.000
;3;3;4;4;4;5;3;4;4;4;4;4;5;5;3;3;3;3;3;2;3;2;4;3;2;3;3;2;3;4;4;2;3;3;3;4;4;4;4;4;3;4;3;2;2;2;3;3;2;4;5;2;3;3;5;4;3;4;4;4;4;3;3;3;3;3;4;3;3;3;3;4;1;1977;1;16;5.001 a 10.000
;4;4;3;5;5;5;4;4;3;2;2;2;5;4;5;4;4;4;4;3;2;5;4;3;4;5;5;4;5;5;4;4;4;4;5;4;3;4;5;4;5;5;3;2;3;4;4;5;5;5;4;3;5;4;4;4;4;5;5;5;1;1;1;1;5;4;4;3;3;2;3;4;1;1960;1;2;Menos de 50
;3;5;4;5;5;5;4;4;5;4;3;3;4;4;5;4;4;4;4;4;4;4;5;5;5;5;5;3;3;4;3;2;2;2;5;3;5;4;5;4;4;4;4;3;4;4;4;4;4;5;4;4;4;4;4;4;3;4;4;4;3;3;3;4;5;4;5;4;4;4;4;4;1;1970;1;17;251 a 500
;5;4;5;4;4;5;5;5;5;3;4;3;5;5;5;4;4;4;5;5;5;5;5;5;5;5;5;5;4;4;3;3;2;4;4;4;5;5;5;5;5;5;4;5;5;5;5;5;5;5;5;5;5;5;5;5;4;5;5;5;3;3;3;3;5;5;5;5;5;5;5;5;1;1947;1;5;Menos de 50
;5;5;5;5;5;5;5;5;5;5;5;5;5;5;5;5;5;5;5;5;5;5;5;5;5;5;5;5;5;5;4;3;4;5;5;5;5;5;5;5;5;5;5;5;5;5;5;5;5;5;5;5;5;5;5;5;4;5;5;5;4;4;5;5;5;5;5;5;5;4;5;5;1;1950;1;12;5.001 a 10.000
;4;5;4;4;5;5;5;5;5;4;4;4;4;5;5;4;5;5;5;5;5;4;4;4;5;5;4;4;4;4;4;3;3;3;5;4;5;5;5;5;5;4;3;4;4;2;4;4;3;4;4;5;5;4;3;3;2;5;5;4;4;4;2;4;4;5;5;5;5;4;4;5;1;1953;1;10;251 a 500
;2;3;2;4;5;5;4;5;3;4;4;4;5;4;3;4;4;5;5;5;5;5;4;5;5;5;5;2;2;2;4;5;4;4;5;5;5;4;5;5;4;5;5;4;5;4;4;4;5;5;5;4;5;4;5;5;4;5;5;4;1;1;1;2;4;3;4;3;4;5;4;4;1;1959;1;12;51 a 100
;4;4;3;4;4;5;4;4;4;3;3;3;4;5;4;4;5;4;5;4;4;4;4;4;4;4;4;4;4;4;4;5;4;4;5;4;4;4;3;4;4;4;4;3;4;4;4;5;4;4;4;5;4;4;4;5;4;4;4;4;3;2;2;3;4;4;4;4;4;4;4;4;1;1953;.;2;501 a 2.500
;4;4;4;4;4;3;4;3;2;2;3;3;4;3;3;3;4;4;3;4;4;4;4;4;4;4;4;4;3;3;2;3;3;3;4;4;3;5;4;3;4;4;3;2;4;4;3;4;4;3;4;4;3;4;4;4;4;4;4;3;2;2;2;2;4;4;4;4;3;3;3;3;1;1950;1;12;501 a 2.500
;3;3;4;5;5;5;5;4;2;2;2;3;4;5;4;4;5;5;3;4;4;4;4;4;4;3;4;2;2;3;4;3;4;3;4;4;4;4;4;4;2;3;2;2;2;2;4;4;4;4;4;4;4;4;4;4;3;4;5;5;1;2;2;2;3;2;2;4;5;4;4;4;0;1964;0;8;
;4;5;4;4;4;4;4;4;4;4;4;4;5;5;5;4;5;5;5;5;5;4;5;5;5;5;5;5;5;5;4;5;5;4;5;5;5;5;4;5;5;5;5;4;4;5;4;4;5;5;5;4;5;5;4;5;4;5;5;5;4;4;4;4;5;5;4;4;5;5;5;5;1;1955;1;9;Menos de 50
;4;3;3;5;5;5;5;5;5;3;2;3;5;5;5;5;4;5;5;5;4;5;5;5;5;5;4;5;5;5;3;2;4;3;5;5;5;5;5;5;4;5;3;5;4;4;4;4;5;5;5;5;5;4;4;4;5;5;5;5;4;4;3;5;5;5;5;5;5;5;4;5;1;1954;1;2;51 a 100
;3;4;3;4;4;4;4;4;4;4;4;3;4;4;4;3;3;4;4;5;4;4;5;5;4;4;4;4;4;4;2;3;3;3;3;3;4;4;4;4;4;4;3;3;3;4;4;3;4;4;4;3;4;4;4;4;4;4;4;4;1;1;1;1;4;4;4;4;4;4;4;4;1;1957;1;11;Menos de 50
;4;5;4;5;5;4;4;4;3;1;2;4;4;5;4;4;4;4;4;4;4;5;4;4;3;4;3;4;3;5;5;4;4;2;5;4;4;4;3;3;3;4;4;3;3;3;3;5;4;4;4;4;4;4;4;3;4;3;4;4;2;2;2;2;5;5;5;5;2;4;2;3;1;1950;1;12;Menos de 50
;5;4;5;5;5;5;5;4;4;4;5;4;4;5;5;5;4;5;5;5;5;5;5;5;4;4;5;5;4;5;4;3;4;5;5;5;5;4;5;4;4;4;5;3;4;4;5;5;5;5;5;5;5;5;4;5;5;4;5;5;4;5;5;5;5;5;5;5;4;4;4;5;1;1955;1;8;
;5;4;3;4;4;4;5;4;5;2;3;3;5;5;5;4;5;5;5;5;5;3;4;4;5;5;5;5;5;4;4;2;2;3;4;3;5;4;4;4;3;5;3;3;3;2;3;4;5;5;4;5;5;4;3;3;3;5;5;4;1;1;2;1;5;4;4;4;5;4;4;5;1;1948;1;10;2.501 a 5.000
;3;4;3;2;4;5;2;3;4;2;3;4;5;5;4;4;5;4;3;4;3;5;5;4;4;4;4;2;3;4;3;2;4;2;3;2;5;4;3;2;2;4;2;2;2;2;2;4;4;5;4;2;2;2;5;4;5;3;4;4;3;2;2;2;5;5;5;4;3;3;3;3;1;1956;0;7;2.501 a 5.000
;4;4;4;5;5;5;4;4;5;3;2;3;5;5;4;5;4;5;5;5;5;5;5;5;5;5;5;5;4;5;1;2;2;2;5;1;5;5;5;5;5;5;5;4;5;3;4;4;5;5;5;3;5;4;4;5;5;5;5;5;2;2;2;2;5;5;5;5;4;4;4;5;0;1965;1;12;Menos de 50
;5;5;5;4;4;5;5;5;5;4;4;4;5;3;5;4;4;5;5;5;5;4;5;5;5;5;5;5;4;5;4;4;5;3;5;4;5;5;5;4;4;5;3;4;4;5;5;5;5;5;5;4;4;5;4;5;4;5;5;4;5;3;2;2;5;5;5;5;4;4;3;4;1;1961;1;8;
;5;5;4;4;5;5;5;5;4;3;3;4;5;5;4;4;5;5;5;5;5;5;5;5;4;5;4;4;3;4;4;4;4;4;5;4;4;5;5;4;4;4;4;3;4;4;3;5;5;5;5;4;5;5;3;3;4;5;5;5;2;2;1;2;4;4;4;5;3;3;3;3;1;1960;1;16;501 a 2.500
;5;5;4;5;4;4;4;3;5;2;2;2;4;4;3;4;3;3;5;4;3;5;3;4;2;4;4;2;3;3;4;4;3;4;4;4;2;3;3;2;2;2;2;2;3;2;3;2;4;4;4;4;4;3;3;3;3;2;2;2;3;4;2;2;3;2;2;2;2;3;3;3;1;1958;1;4;5.001 a 10.000
;4;4;4;4;4;5;5;4;5;4;4;4;4;4;4;4;4;5;5;4;5;4;4;5;5;5;5;5;4;5;4;3;4;4;4;5;5;5;5;5;5;5;4;3;5;4;5;4;4;5;5;4;5;5;4;5;4;5;5;5;1;1;1;1;5;5;5;4;5;5;5;5;1;1953;1;2;251 a 500
;5;5;4;5;5;4;4;4;4;4;3;4;4;4;4;4;4;4;4;4;3;4;4;4;4;4;4;4;4;4;4;3;3;3;3;4;5;5;5;4;4;4;4;4;4;3;3;3;5;4;4;3;4;4;4;4;4;5;5;4;3;3;3;3;5;5;4;4;5;4;4;4;1;1958;1;17;10.001 a 20.000
;5;5;3;3;5;5;5;4;4;3;2;4;5;4;5;4;5;5;5;5;5;5;5;4;4;4;5;5;3;4;4;3;4;3;3;4;5;4;5;3;4;5;3;2;2;4;3;4;5;4;4;2;2;4;4;5;4;4;5;4;2;2;2;2;5;5;5;4;4;4;4;4;1;1956;1;16;Menos de 50
;4;5;5;5;5;5;5;4;5;4;2;3;5;5;5;4;5;5;5;5;5;5;5;5;5;4;5;5;5;5;4;4;4;4;5;4;5;5;5;5;5;5;5;5;5;5;5;5;5;5;5;4;5;5;4;5;5;5;5;5;4;5;3;4;5;5;5;5;5;5;5;5;0;1952;1;4;Menos de 50
;3;4;3;3;4;4;4;3;4;3;4;3;4;4;3;4;3;4;3;5;4;4;4;4;4;3;3;4;3;3;3;2;3;4;5;3;3;4;4;2;3;3;2;2;3;4;4;4;4;3;3;4;4;3;2;4;3;3;4;4;3;3;3;3;3;4;4;3;5;4;5;5;1;1946;1;11;Más de 20.000
;4;4;3;4;4;4;4;3;4;3;3;2;4;4;4;4;4;4;2;4;4;3;4;4;4;4;4;3;4;1;3;3;3;4;5;4;4;4;4;4;4;3;4;4;4;4;4;3;4;4;4;4;4;4;4;4;4;3;4;3;1;1;1;1;4;4;4;4;2;2;3;3;1;1955;1;10;251 a 500
;4;5;3;5;4;4;5;4;4;3;4;3;4;4;5;4;5;5;5;5;4;4;3;3;5;4;5;4;5;5;3;2;4;2;5;4;4;4;4;4;4;5;3;3;4;4;5;5;5;4;3;3;4;4;3;4;4;5;5;4;1;2;1;2;5;5;5;5;5;4;4;3;1;1955;1;2;101 a 250
;4;5;4;5;5;4;5;4;5;4;5;4;5;5;5;5;4;5;5;5;5;4;5;4;5;5;5;5;4;4;5;3;2;3;5;4;5;5;5;5;5;5;3;4;3;4;5;5;4;5;5;5;5;5;5;5;4;5;5;5;3;3;3;3;5;4;5;5;5;5;5;5;1;1958;1;9;Menos de 50
;4;4;3;5;5;5;4;4;4;5;4;4;4;5;4;4;4;4;4;4;4;4;4;4;5;4;4;4;5;5;4;3;4;4;5;5;4;4;5;5;5;5;5;4;4;4;4;5;5;5;5;4;5;4;4;4;4;5;5;5;3;4;3;4;5;4;4;4;4;5;4;4;0;1976;1;9;51 a 100
;4;4;4;5;5;4;5;4;4;4;3;4;5;5;5;5;5;5;4;4;5;5;5;4;5;5;4;5;4;5;4;4;5;5;5;5;5;5;5;4;4;4;4;3;3;3;3;4;4;5;5;4;4;4;4;5;5;5;5;4;2;2;2;3;4;4;5;5;4;4;4;4;1;1963;1;4;501 a 2.500
;5;5;5;5;5;5;4;4;4;2;3;2;5;5;3;4;5;5;3;4;4;4;4;4;5;5;5;5;5;5;5;4;3;4;4;4;5;5;5;5;4;5;3;2;4;5;4;5;5;5;5;4;4;5;4;4;5;5;5;4;1;1;1;1;5;5;5;5;3;3;2;2;1;1947;1;2;501 a 2.500
;5;5;5;5;5;5;5;5;5;5;5;5;5;4;4;4;4;5;4;4;4;5;5;5;4;4;4;5;5;5;4;3;3;4;5;4;4;5;5;5;5;5;4;4;4;4;4;5;4;4;5;5;5;5;5;4;5;5;5;5;4;4;4;4;4;5;5;5;5;4;5;5;1;1953;1;2;51 a 100
;4;4;5;5;5;4;4;4;5;1;1;2;3;4;5;3;2;3;5;5;4;5;4;5;5;5;5;4;5;5;1;1;1;2;3;1;5;3;4;4;4;5;4;1;1;4;4;5;5;5;4;2;3;2;4;5;4;5;5;4;3;3;3;3;5;5;3;5;5;3;4;5;1;1943;1;11;Menos de 50
;3;4;2;3;3;4;3;3;4;2;2;2;3;4;3;3;3;5;2;2;1;4;4;4;4;4;2;2;2;4;4;4;2;2;2;2;4;3;3;4;3;3;2;4;3;3;2;4;3;3;3;3;3;4;2;3;4;3;4;3;2;1;1;1;5;4;4;4;4;3;4;4;1;1960;1;2;Menos de 50
;5;4;5;3;4;5;3;3;3;4;4;2;5;2;4;5;3;3;4;4;5;3;4;5;4;5;4;3;4;3;3;5;4;2;5;5;4;5;5;4;2;4;4;5;2;5;5;2;5;5;3;3;4;4;4;3;4;4;4;5;1;1;4;3;4;4;5;2;4;5;3;4;1;1960;1;9;Menos de 50
;4;5;4;5;5;5;5;5;5;3;2;2;4;4;4;5;4;4;5;5;5;5;5;4;4;5;4;5;5;5;4;4;4;4;4;4;3;4;3;5;5;5;3;3;3;4;4;5;5;5;5;4;4;4;2;2;2;4;4;4;2;2;4;4;4;5;4;2;2;4;3;4;0;1960;1;18;Menos de 50
;4;5;5;4;5;5;5;4;5;4;4;4;5;5;4;4;5;5;4;5;5;5;5;4;5;4;5;5;4;5;3;3;4;4;4;5;5;5;5;3;5;4;4;4;4;5;4;5;5;5;5;5;4;4;4;5;5;5;5;5;3;4;3;3;5;5;5;5;5;4;3;5;1;1947;0;2;5.001 a 10.000
;5;5;4;4;5;5;4;5;5;4;4;3;4;4;4;4;4;5;4;4;4;5;5;5;4;4;5;5;5;5;4;3;2;4;5;5;5;5;5;3;4;4;4;4;4;5;5;4;4;4;4;5;5;5;5;4;4;5;5;5;2;3;1;2;5;5;5;5;5;4;4;3;1;1949;1;12;2.501 a 5.000
;4;5;5;4;4;5;5;4;5;4;3;3;3;4;4;5;5;5;5;5;5;5;5;5;4;5;4;5;5;5;5;4;4;4;5;4;4;4;5;3;4;4;5;4;4;5;4;5;4;5;5;4;5;5;5;5;4;5;5;4;4;3;4;4;5;5;4;4;5;5;4;4;1;1951;1;11;2.501 a 5.000
;2;2;1;2;2;3;4;4;3;3;4;3;2;3;3;2;2;3;3;3;3;2;3;3;2;2;3;3;3;2;3;3;3;1;2;3;2;2;3;3;2;3;4;3;3;2;2;2;3;2;3;2;2;2;1;4;2;3;5;4;2;2;2;2;2;4;3;3;3;3;3;2;1;1955;.;2;10.001 a 20.000
;5;5;4;5;5;5;5;4;3;4;3;4;5;5;5;4;4;4;4;4;5;5;5;5;4;4;4;3;4;5;5;3;3;3;4;3;4;4;5;5;5;5;4;4;4;3;3;5;4;4;4;4;4;4;4;5;5;5;5;5;2;4;4;4;4;5;4;4;4;4;4;4;1;1964;1;10;51 a 100
;4;4;5;5;5;4;5;5;4;4;5;5;4;5;4;5;3;4;5;5;4;5;4;5;3;4;4;4;5;5;4;4;4;4;5;5;4;4;5;5;5;5;3;4;4;4;3;5;4;4;4;5;5;5;4;4;4;4;5;5;2;4;2;4;3;5;5;5;4;4;3;5;1;1952;1;3;501 a 2.500
;3;3;4;2;3;5;4;4;4;3;3;2;2;1;2;2;2;4;4;4;5;5;5;5;3;5;3;4;4;4;4;2;3;2;5;5;5;5;5;3;4;3;5;1;5;5;5;3;2;4;4;4;5;4;2;5;5;5;5;5;3;3;2;3;5;5;5;5;4;5;4;4;0;1988;.;11;501 a 2.500
;4;3;4;3;4;4;5;5;5;4;4;4;3;4;5;3;3;4;5;4;4;4;4;4;4;5;4;4;3;5;3;3;5;2;4;3;4;4;4;4;4;4;5;4;4;5;3;5;4;4;4;3;4;4;3;5;4;3;5;4;1;2;1;2;5;5;5;3;5;4;4;4;1;1954;1;8;
;4;5;4;5;5;5;5;5;5;4;4;3;5;4;4;5;4;5;5;5;5;5;5;5;5;5;5;5;5;5;4;4;3;4;4;5;5;5;5;4;5;5;4;4;4;5;4;5;5;5;5;4;4;5;5;5;5;5;5;5;2;2;2;3;5;5;5;5;5;4;5;5;1;1957;1;4;101 a 250
;5;5;4;4;4;5;5;4;5;4;4;4;4;4;5;4;5;4;5;5;4;5;5;5;4;4;4;5;5;5;4;5;5;4;4;4;4;5;5;5;4;5;4;3;4;4;4;4;4;4;4;4;5;4;5;5;4;4;5;5;1;1;2;1;4;5;4;5;4;4;4;4;1;1956;1;9;51 a 100
;5;4;4;4;5;4;4;4;4;4;4;4;5;5;4;5;4;4;4;4;4;5;4;4;5;4;4;5;5;4;4;4;4;4;5;4;4;5;4;4;4;5;4;4;2;4;4;5;4;4;4;5;5;5;5;4;4;5;5;4;2;2;2;2;5;5;5;4;4;4;3;4;1;1949;1;1;2.501 a 5.000
;4;5;4;5;4;4;5;4;4;4;4;3;4;5;4;5;4;4;3;4;4;5;4;4;5;4;4;5;3;4;4;3;4;4;5;4;5;4;5;4;3;4;4;2;3;4;4;4;4;4;4;4;5;4;3;3;3;4;4;5;2;2;4;4;4;4;4;4;4;4;4;4;1;1960;1;9;501 a 2.500
;5;5;5;4;5;4;5;4;5;3;2;3;5;4;4;5;4;5;5;4;5;5;4;4;5;5;4;4;4;5;4;4;4;5;4;4;4;4;4;4;4;4;5;5;4;4;5;5;4;5;5;3;4;3;4;4;3;5;5;4;4;3;3;3;4;3;4;4;4;4;4;4;0;1962;1;9;10.001 a 20.000
;5;4;4;4;5;5;4;5;5;4;3;3;4;4;4;5;4;5;4;5;4;4;5;5;4;5;5;4;4;4;4;2;2;3;5;4;4;4;5;5;5;5;3;4;3;3;4;4;5;5;5;4;4;4;4;5;4;5;5;4;4;2;3;4;5;5;5;4;5;4;4;4;1;1949;1;2;Menos de 50
;4;4;4;4;5;4;5;4;5;3;2;2;3;4;4;4;2;5;4;4;5;5;4;4;5;5;5;4;4;3;3;2;2;3;3;2;4;5;4;2;5;5;2;4;3;4;3;5;4;4;3;3;4;3;3;3;3;4;3;4;2;2;2;2;5;5;5;5;4;4;4;4;1;1955;1;6;251 a 500
